date,ticker,industry,breach_day,irc_rank_at_breach,irc_delta_5d,irc_state,reentry_50,post_breach_ret
2025-07-09,LVS,Lodging,5,5,3.0,STRONG,True,0.07328990228013033
2025-07-09,NKE,Apparel,3,6,,STRONG,True,0.04470588235294115
2025-07-09,RCL,Leisure Time,7,1,0.0,STRONG,False,-0.10305626963724657
2025-07-09,WYNN,Lodging,6,6,4.0,STRONG,False,-0.020376461988304118
2025-07-10,LUV,Airlines,10,4,2.0,STRONG,False,-0.11124473842453397
2025-07-10,NCLH,Leisure Time,10,1,0.0,STRONG,True,0.04127659574468079
2025-07-10,NKE,Apparel,2,6,,STRONG,True,0.02906574394463668
2025-07-10,RCL,Leisure Time,6,1,0.0,STRONG,False,-0.11516709511568135
2025-07-10,UAL,Airlines,10,4,2.0,STRONG,False,-0.019502953304357473
2025-07-10,WYNN,Lodging,5,6,4.0,STRONG,False,-0.020193713450292305
2025-07-11,DAL,Airlines,9,4,2.0,STRONG,False,-0.01955766770243106
2025-07-11,LUV,Airlines,9,4,2.0,STRONG,False,-0.10944076969332528
2025-07-11,NCLH,Leisure Time,9,1,0.0,STRONG,True,0.02127659574468077
2025-07-11,NKE,Apparel,1,6,,STRONG,True,0.026851211072664416
2025-07-11,WYNN,Lodging,4,6,4.0,STRONG,False,-0.02768640350877194
2025-07-14,DAL,Airlines,8,4,2.0,STRONG,False,-0.02211661487845007
2025-07-14,LUV,Airlines,8,4,2.0,STRONG,False,-0.12627781118460613
2025-07-14,LVS,Lodging,2,5,3.0,STRONG,True,0.07939739413680802
2025-07-14,NCLH,Leisure Time,8,1,0.0,STRONG,True,0.009787234042553106
2025-07-14,TPR,Apparel,11,5,2.0,STRONG,False,0.005214152700186103
2025-07-14,WYNN,Lodging,3,6,4.0,STRONG,False,-0.0074013157894736725
2025-07-15,DAL,Airlines,7,4,2.0,STRONG,True,0.06817766404679215
2025-07-15,LUV,Airlines,7,4,2.0,STRONG,False,-0.07636800962116652
2025-07-15,LVS,Lodging,1,5,3.0,STRONG,True,0.09710912052117271
2025-07-15,NCLH,Leisure Time,7,1,0.0,STRONG,True,0.03148936170212768
2025-07-15,ON,Semiconductors,6,31,23.0,COLLAPSED,False,-0.16104680422747863
2025-07-15,TPR,Apparel,10,5,2.0,STRONG,False,0.03221601489757919
2025-07-15,WYNN,Lodging,2,6,4.0,STRONG,False,0.02786915204678353
2025-07-16,AMD,Semiconductors,15,43,18.0,COLLAPSED,True,0.13057871505640017
2025-07-16,DAL,Airlines,6,4,2.0,STRONG,True,0.08609029427892523
2025-07-16,TPR,Apparel,9,5,2.0,STRONG,False,0.05707635009310974
2025-07-17,COHR,Electronics,5,11,4.0,WEAKENING,True,-0.07161669367909229
2025-07-17,GEV,Machinery-Constr&Mining,3,7,3.0,STRONG,True,0.1389460645913405
2025-07-17,TPR,Apparel,8,5,2.0,STRONG,False,-0.10903165735567977
2025-07-18,TPR,Apparel,7,5,2.0,STRONG,False,-0.06201117318435767
2025-07-21,AMD,Semiconductors,12,43,18.0,COLLAPSED,True,0.07981853849926424
2025-07-21,TPR,Apparel,6,5,2.0,STRONG,False,-0.06973929236499077
2025-07-21,UAL,Airlines,3,4,2.0,STRONG,True,0.140867045581188
2025-07-22,DHI,Home Builders,1,6,-10.0,STRONG,True,0.1345751501653507
2025-07-22,TPR,Apparel,5,5,2.0,STRONG,False,-0.08826815642458108
2025-07-23,GEV,Machinery-Constr&Mining,10,2,0.0,STRONG,False,-0.0902264690391994
2025-07-23,TEL,Electronics,10,16,9.0,WEAKENING,False,0.007498125468632821
2025-07-23,TPR,Apparel,4,5,2.0,STRONG,False,-0.07942271880819363
2025-07-24,BKR,Oil&Gas Services,9,32,24.0,COLLAPSED,False,0.0006907667510938076
2025-07-24,GEV,Machinery-Constr&Mining,9,2,0.0,STRONG,False,-0.08810473252576922
2025-07-25,DECK,Apparel,4,9,7.0,STRONG,False,0.027597249693886994
2025-07-25,FIX,Engineering&Construction,10,2,1.0,STRONG,False,-0.003295940788712759
2025-07-25,GEV,Machinery-Constr&Mining,8,2,0.0,STRONG,False,-0.0864946204198328
2025-07-25,TEL,Electronics,8,16,9.0,WEAKENING,False,0.0247438140464884
2025-07-28,BKR,Oil&Gas Services,7,32,24.0,COLLAPSED,False,0.023025558369790478
2025-07-28,FIX,Engineering&Construction,9,2,1.0,STRONG,False,-0.0008384410778304874
2025-07-28,GEV,Machinery-Constr&Mining,7,2,0.0,STRONG,False,-0.09365736212474607
2025-07-28,TEL,Electronics,7,16,9.0,WEAKENING,False,0.02539365158710316
2025-07-29,BKR,Oil&Gas Services,6,32,24.0,COLLAPSED,False,0.02348606953718635
2025-07-29,DECK,Apparel,2,9,7.0,STRONG,True,0.07082980126212668
2025-07-29,EME,Engineering&Construction,8,2,1.0,STRONG,False,0.00100287923392961
2025-07-29,FIX,Engineering&Construction,8,2,1.0,STRONG,False,0.02259454145946571
2025-07-29,TEL,Electronics,6,16,9.0,WEAKENING,False,0.034291427143214204
2025-07-30,BKR,Oil&Gas Services,5,32,24.0,COLLAPSED,False,0.031084503799217122
2025-07-30,FIX,Engineering&Construction,7,2,1.0,STRONG,False,0.026121776338614566
2025-07-30,GNRC,Electrical Compo&Equip,11,15,1.0,WEAKENING,False,-0.060210081921897696
2025-07-30,TEL,Electronics,5,16,9.0,WEAKENING,False,0.03759060234941258
2025-07-31,EBAY,Internet,10,9,-6.0,STRONG,True,-0.05767668562144601
2025-07-31,FIX,Engineering&Construction,6,2,1.0,STRONG,False,0.05529374349485372
2025-07-31,GEV,Machinery-Constr&Mining,4,2,0.0,STRONG,False,-0.04643743886840701
2025-07-31,GLW,Telecommunications,8,4,-12.0,STRONG,False,0.048365019011406885
2025-07-31,GNRC,Electrical Compo&Equip,10,15,1.0,WEAKENING,False,-0.06056189375282717
2025-07-31,TEL,Electronics,4,16,9.0,WEAKENING,False,0.03994001499625077
2025-08-01,DHI,Home Builders,2,3,-4.0,STRONG,True,0.09461990570302903
2025-08-01,FIX,Engineering&Construction,5,2,1.0,STRONG,False,0.016797733317913677
2025-08-01,GEV,Machinery-Constr&Mining,3,2,0.0,STRONG,False,-0.07761643217214642
2025-08-01,GNRC,Electrical Compo&Equip,9,15,1.0,WEAKENING,False,-0.06895511886214001
2025-08-04,DHI,Home Builders,1,3,-4.0,STRONG,True,0.09965768907834383
2025-08-04,FIX,Engineering&Construction,4,2,1.0,STRONG,False,0.009902278246790797
2025-08-04,GEV,Machinery-Constr&Mining,2,2,0.0,STRONG,False,-0.1277104807764653
2025-08-04,GNRC,Electrical Compo&Equip,8,15,1.0,WEAKENING,False,-0.09780368899834146
2025-08-04,WSM,Retail,9,10,-1.0,STRONG,False,-0.05545441125818029
2025-08-05,FIX,Engineering&Construction,3,2,1.0,STRONG,False,0.012909101422458713
2025-08-05,GEV,Machinery-Constr&Mining,1,2,0.0,STRONG,False,-0.13168309382288768
2025-08-06,FIX,Engineering&Construction,2,2,1.0,STRONG,False,0.04653347981959066
2025-08-07,ANET,Telecommunications,9,3,-2.0,STRONG,True,0.08655967140792575
2025-08-07,FIX,Engineering&Construction,1,2,1.0,STRONG,False,0.021033306349022673
2025-08-07,GLW,Telecommunications,3,4,-12.0,STRONG,True,0.08273764258555127
2025-08-08,ANET,Telecommunications,8,3,-2.0,STRONG,True,0.06495778504601812
2025-08-08,APP,Internet,8,8,-8.0,STRONG,True,0.3265434793151947
2025-08-08,EBAY,Internet,4,9,-6.0,STRONG,True,-0.05544272948822104
2025-08-08,GLW,Telecommunications,2,4,-12.0,STRONG,True,0.09733840304182517
2025-08-11,ANET,Telecommunications,7,3,-2.0,STRONG,True,0.07940975127405481
2025-08-11,APP,Internet,7,8,-8.0,STRONG,True,0.3535331490372957
2025-08-11,EBAY,Internet,3,9,-6.0,STRONG,True,-0.06123070674248576
2025-08-11,GLW,Telecommunications,1,4,-12.0,STRONG,True,0.10098859315589359
2025-08-12,ANET,Telecommunications,6,3,-2.0,STRONG,True,0.14642123678405716
2025-08-12,APP,Internet,6,8,-8.0,STRONG,True,0.375236432416703
2025-08-12,EBAY,Internet,2,9,-6.0,STRONG,True,-0.07300974817221773
2025-08-13,CRH,Building Materials,6,21,17.0,COLLAPSED,False,0.03386921965317913
2025-08-13,LEN,Home Builders,10,1,0.0,STRONG,True,0.05070126753168824
2025-08-14,CRH,Building Materials,5,21,17.0,COLLAPSED,False,0.02411488439306364
2025-08-14,EXPE,Internet,8,9,-1.0,STRONG,False,0.04006927865936438
2025-08-14,INTC,Semiconductors,10,3,-13.0,STRONG,False,-0.0340954673084638
2025-08-14,LEN,Home Builders,9,1,0.0,STRONG,True,0.029550738768469254
2025-08-14,MPWR,Semiconductors,1,18,-20.0,WEAKENING,False,0.009280433651554176
2025-08-15,ANET,Telecommunications,3,3,-2.0,STRONG,True,0.10618392028599688
2025-08-15,CRH,Building Materials,4,21,17.0,COLLAPSED,False,0.02276011560693636
2025-08-15,DAL,Airlines,7,2,1.0,STRONG,False,-0.044644317252657384
2025-08-15,UAL,Airlines,7,2,1.0,STRONG,True,0.004033419763756818
2025-08-15,UNH,Healthcare-Services,10,3,-2.0,STRONG,True,0.12269661470939419
2025-08-18,ANET,Telecommunications,2,3,-2.0,STRONG,True,0.08131132577774403
2025-08-18,DAL,Airlines,6,2,1.0,STRONG,False,-0.053802125919869215
2025-08-18,HUM,Healthcare-Services,8,6,3.0,STRONG,True,-0.08583705394608743
2025-08-18,UAL,Airlines,6,2,1.0,STRONG,True,0.000672236627292877
2025-08-18,UNH,Healthcare-Services,9,3,-2.0,STRONG,True,0.09652434892051498
2025-08-19,CRH,Building Materials,2,21,17.0,COLLAPSED,False,0.0047868497109826436
2025-08-19,DAL,Airlines,5,2,1.0,STRONG,False,-0.03810302534750609
2025-08-19,EXPE,Internet,5,9,-1.0,STRONG,True,0.054065440247156316
2025-08-19,UAL,Airlines,5,2,1.0,STRONG,True,0.013252664938058212
2025-08-19,UNH,Healthcare-Services,8,3,-2.0,STRONG,True,0.10243005131184058
2025-08-20,CNC,Healthcare-Services,6,6,3.0,STRONG,True,0.1335447498238196
2025-08-20,INTC,Semiconductors,6,3,-13.0,STRONG,True,0.2262334536702768
2025-08-20,UNH,Healthcare-Services,7,3,-2.0,STRONG,True,0.08051763642817944
2025-08-21,CI,Healthcare-Services,2,4,-1.0,STRONG,True,-0.03457906636520802
2025-08-21,CNC,Healthcare-Services,5,6,3.0,STRONG,True,0.11945031712473586
2025-08-21,HUM,Healthcare-Services,5,6,3.0,STRONG,True,-0.1518345698076471
2025-08-21,UNH,Healthcare-Services,6,3,-2.0,STRONG,True,0.08655242521057205
2025-08-22,CNC,Healthcare-Services,4,6,3.0,STRONG,True,0.15221987315010588
2025-08-22,DAL,Airlines,2,2,1.0,STRONG,False,-0.036958299264104655
2025-08-22,RCL,Leisure Time,10,3,-3.0,STRONG,False,-0.0621546174443115
2025-08-22,UAL,Airlines,2,2,1.0,STRONG,True,0.00048016901949488044
2025-08-22,UNH,Healthcare-Services,5,3,-2.0,STRONG,True,0.10142963178106945
2025-08-25,CNC,Healthcare-Services,3,6,3.0,STRONG,True,0.15398167723749112
2025-08-25,UAL,Airlines,1,2,1.0,STRONG,True,0.0
2025-08-25,UNH,Healthcare-Services,4,3,-2.0,STRONG,True,0.12205118275405824
2025-08-26,RCL,Leisure Time,8,3,-3.0,STRONG,False,-0.06844983763459245
2025-08-26,SATS,Telecommunications,16,17,12.0,WEAKENING,True,0.02639707947205827
2025-08-26,UNH,Healthcare-Services,3,3,-2.0,STRONG,True,0.13534708103398208
2025-08-27,RCL,Leisure Time,7,3,-3.0,STRONG,False,-0.07557112744260253
2025-08-27,SATS,Telecommunications,15,17,12.0,WEAKENING,True,0.02695871946082562
2025-08-27,UNH,Healthcare-Services,2,3,-2.0,STRONG,True,0.1151773324297285
2025-08-28,RCL,Leisure Time,6,3,-3.0,STRONG,False,-0.068848629863841
2025-08-28,UNH,Healthcare-Services,1,3,-2.0,STRONG,True,0.11040113596024126
2025-08-28,WYNN,Lodging,7,11,7.0,WEAKENING,True,0.06156885340357232
2025-08-29,APA,Oil&Gas,5,21,11.0,COLLAPSED,True,0.09344115004492348
2025-08-29,RCL,Leisure Time,5,3,-3.0,STRONG,False,-0.06933287757078554
2025-08-29,WYNN,Lodging,6,11,7.0,WEAKENING,True,0.09004856366779168
2025-09-02,APA,Oil&Gas,4,21,11.0,COLLAPSED,True,0.09074573225516613
2025-09-02,LITE,Computers,16,3,-5.0,STRONG,False,0.06520458265139117
2025-09-02,MPC,Oil&Gas,7,6,-3.0,STRONG,True,0.057210246283802446
2025-09-02,SATS,Telecommunications,12,17,12.0,WEAKENING,True,0.07217073855658529
2025-09-02,VLO,Oil&Gas,7,6,-3.0,STRONG,True,0.08039850244304825
2025-09-02,WYNN,Lodging,5,11,7.0,WEAKENING,True,0.05580706230965515
2025-09-03,APA,Oil&Gas,3,21,11.0,COLLAPSED,True,0.12578616352201255
2025-09-03,SATS,Telecommunications,11,17,12.0,WEAKENING,True,0.11625947767481049
2025-09-03,VLO,Oil&Gas,6,6,-3.0,STRONG,True,0.0639634494574528
2025-09-04,APA,Oil&Gas,2,21,11.0,COLLAPSED,True,0.07277628032344996
2025-09-04,CIEN,Telecommunications,15,18,1.0,WEAKENING,True,0.1129255668149014
2025-09-04,SATS,Telecommunications,10,17,12.0,WEAKENING,True,0.10923897781522052
2025-09-05,AVGO,Semiconductors,10,4,-30.0,STRONG,False,-0.019046790746216735
2025-09-05,CIEN,Telecommunications,14,18,1.0,WEAKENING,True,0.10410439600495747
2025-09-05,LITE,Computers,13,3,-5.0,STRONG,False,0.07240589198036007
2025-09-05,SATS,Telecommunications,9,17,12.0,WEAKENING,True,0.08284189834316202
2025-09-08,AVGO,Semiconductors,9,4,-30.0,STRONG,False,-0.027396068881544555
2025-09-08,LITE,Computers,12,3,-5.0,STRONG,False,0.051391162029459814
2025-09-08,STX,Computers,20,6,3.0,STRONG,False,0.0
2025-09-09,APP,Internet,18,27,17.0,COLLAPSED,False,-0.07456500087878604
2025-09-09,AVGO,Semiconductors,8,4,-30.0,STRONG,False,-0.02472893836609258
2025-09-09,GOOG,Internet,10,8,-7.0,STRONG,False,-0.020646746453198084
2025-09-09,GOOGL,Internet,10,8,-7.0,STRONG,False,-0.023444329651116647
2025-09-09,LITE,Computers,11,3,-5.0,STRONG,False,0.028805237315875587
2025-09-09,MU,Semiconductors,13,2,-2.0,STRONG,True,0.18070833598270486
2025-09-09,STX,Computers,19,6,3.0,STRONG,False,-0.07338467240456292
2025-09-10,APP,Internet,17,27,17.0,COLLAPSED,False,-0.07771398441619304
2025-09-10,CIEN,Telecommunications,11,18,1.0,WEAKENING,True,0.16395713348399799
2025-09-10,GOOGL,Internet,9,8,-7.0,STRONG,False,-0.027974250973535675
2025-09-10,SATS,Telecommunications,6,17,12.0,WEAKENING,True,0.07062622858747547
2025-09-11,CIEN,Telecommunications,10,18,1.0,WEAKENING,True,0.19275351753298842
2025-09-11,CNC,Healthcare-Services,8,14,-10.0,WEAKENING,True,0.15511450381679381
2025-09-11,SATS,Telecommunications,5,17,12.0,WEAKENING,True,0.07413647851727045
2025-09-12,LITE,Computers,8,3,-5.0,STRONG,False,-0.02055646481178386
2025-09-15,CIEN,Telecommunications,8,18,1.0,WEAKENING,True,0.20128307939053736
2025-09-15,TSLA,Auto Manufacturers,11,8,-11.0,STRONG,False,-0.01983270372369139
2025-09-16,CIEN,Telecommunications,7,18,1.0,WEAKENING,True,0.20157468834293213
2025-09-16,LITE,Computers,6,3,-5.0,STRONG,False,0.026382978723404227
2025-09-16,LRCX,Semiconductors,15,3,0.0,STRONG,True,-0.0145350908443177
2025-09-16,MU,Semiconductors,8,2,-2.0,STRONG,True,0.18941946970178658
2025-09-16,STX,Computers,14,6,3.0,STRONG,False,-0.12848494831775326
2025-09-16,TSLA,Auto Manufacturers,10,8,-11.0,STRONG,False,-0.03480841878035623
2025-09-16,WDC,Computers,19,9,3.0,STRONG,False,-0.04820797576981328
2025-09-17,CIEN,Telecommunications,6,18,1.0,WEAKENING,True,0.2299336589633303
2025-09-17,LITE,Computers,5,3,-5.0,STRONG,False,0.025008183306055587
2025-09-17,LRCX,Semiconductors,14,3,0.0,STRONG,True,0.03156394727467049
2025-09-17,MU,Semiconductors,7,2,-2.0,STRONG,True,0.22044890951866214
2025-09-17,STX,Computers,13,6,3.0,STRONG,False,-0.09656961660420882
2025-09-18,AMAT,Semiconductors,13,3,0.0,STRONG,True,0.07638494989601052
2025-09-18,APP,Internet,11,27,17.0,COLLAPSED,False,-0.11289472142480528
2025-09-18,CRWD,Computers,10,3,0.0,STRONG,False,-0.029327697262479857
2025-09-18,INTC,Semiconductors,16,7,-1.0,STRONG,True,0.012922738520759092
2025-09-18,LITE,Computers,4,3,-5.0,STRONG,False,0.06860883797054007
2025-09-18,LRCX,Semiconductors,13,3,0.0,STRONG,True,0.014392589953687196
2025-09-18,MU,Semiconductors,6,2,-2.0,STRONG,True,0.28778533731798817
2025-09-18,TSLA,Auto Manufacturers,8,8,-11.0,STRONG,False,-0.03591023565389462
2025-09-19,APP,Internet,10,27,17.0,COLLAPSED,False,-0.12222450055656464
2025-09-19,CRWD,Computers,9,3,0.0,STRONG,False,-0.024456521739130488
2025-09-19,HOOD,Internet,1,6,-11.0,STRONG,True,0.04019537192729605
2025-09-19,INTC,Semiconductors,15,7,-1.0,STRONG,True,0.017596920538905714
2025-09-19,LRCX,Semiconductors,12,3,0.0,STRONG,True,0.008265051656572764
2025-09-19,MU,Semiconductors,5,2,-2.0,STRONG,True,0.2868315635531251
2025-09-19,TSLA,Auto Manufacturers,7,8,-11.0,STRONG,False,-0.012164957726209846
2025-09-22,AMAT,Semiconductors,11,3,0.0,STRONG,True,0.07832293439213456
2025-09-22,KLAC,Semiconductors,9,8,6.0,STRONG,False,0.04659797557986489
2025-09-22,LRCX,Semiconductors,11,3,0.0,STRONG,True,0.02636266476665483
2025-09-22,MU,Semiconductors,4,2,-2.0,STRONG,True,0.31474534240478147
2025-09-22,STX,Computers,10,6,3.0,STRONG,False,-0.1170777910472347
2025-09-22,VRT,Machinery-Constr&Mining,2,2,-1.0,STRONG,True,0.2408558113260837
2025-09-22,WDC,Computers,15,9,3.0,STRONG,False,0.022463402322059567
2025-09-23,AMAT,Semiconductors,10,3,0.0,STRONG,True,0.06825486859519758
2025-09-23,INTC,Semiconductors,13,7,-1.0,STRONG,True,0.0481165795985703
2025-09-23,KLAC,Semiconductors,8,8,6.0,STRONG,True,0.0416504017066861
2025-09-23,LRCX,Semiconductors,10,3,0.0,STRONG,True,0.033416458852867814
2025-09-23,MU,Semiconductors,3,2,-2.0,STRONG,True,0.28625929929420724
2025-09-23,STX,Computers,9,6,3.0,STRONG,False,-0.11637771280319575
2025-09-23,TER,Semiconductors,10,3,0.0,STRONG,True,0.02276295133438011
2025-09-24,AMAT,Semiconductors,9,3,0.0,STRONG,True,0.04254112308564939
2025-09-24,INTC,Semiconductors,12,7,-1.0,STRONG,True,0.015122353588122195
2025-09-24,KLAC,Semiconductors,7,8,6.0,STRONG,True,0.011592755662475529
2025-09-24,LRCX,Semiconductors,9,3,0.0,STRONG,True,0.006412540078375439
2025-09-24,MU,Semiconductors,2,2,-2.0,STRONG,True,0.26196986074903017
2025-09-24,STX,Computers,8,6,3.0,STRONG,False,-0.1144010212906148
2025-09-24,TSLA,Auto Manufacturers,4,8,-11.0,STRONG,False,-0.012929483720093504
2025-09-24,WDC,Computers,13,9,3.0,STRONG,False,0.013545347467609048
2025-09-25,AAPL,Computers,3,2,1.0,STRONG,True,0.019439971723677507
2025-09-25,AMAT,Semiconductors,8,3,0.0,STRONG,True,0.07993004348648136
2025-09-25,APP,Internet,6,27,17.0,COLLAPSED,False,-0.1362997246470209
2025-09-25,INTC,Semiconductors,11,7,-1.0,STRONG,True,0.04921638713225174
2025-09-25,STX,Computers,7,6,3.0,STRONG,False,-0.06761932215953559
2025-09-25,TER,Semiconductors,8,3,0.0,STRONG,True,0.034965034965035
2025-09-25,TSLA,Auto Manufacturers,3,8,-11.0,STRONG,False,0.009579060982191079
2025-09-25,WDC,Computers,12,9,3.0,STRONG,False,0.05771495877502941
2025-09-26,AMAT,Semiconductors,7,3,0.0,STRONG,True,0.0812535450935905
2025-09-26,APP,Internet,5,27,17.0,COLLAPSED,False,-0.09192102642216882
2025-09-26,HAL,Oil&Gas Services,6,5,3.0,STRONG,True,0.08990147783251246
2025-09-26,IBM,Computers,6,6,3.0,STRONG,True,0.06233155967106607
2025-09-26,INTC,Semiconductors,10,7,-1.0,STRONG,True,0.052515809733296726
2025-09-26,TER,Semiconductors,7,3,0.0,STRONG,True,0.02954188668474389
2025-09-26,VLO,Oil&Gas,2,31,10.0,COLLAPSED,True,0.0046399624104311865
2025-09-29,AMAT,Semiconductors,6,3,0.0,STRONG,True,0.09344866704481003
2025-09-29,HAL,Oil&Gas Services,5,5,3.0,STRONG,True,0.10016420361247946
2025-09-29,INTC,Semiconductors,9,7,-1.0,STRONG,True,0.08715974704426732
2025-09-29,TER,Semiconductors,6,3,0.0,STRONG,True,0.052518909661766866
2025-09-29,WDC,Computers,10,9,3.0,STRONG,True,0.06570755510684845
2025-09-30,AMAT,Semiconductors,5,3,0.0,STRONG,True,0.07600680657969372
2025-09-30,CNC,Healthcare-Services,8,8,-2.0,STRONG,False,-0.07186800894854584
2025-09-30,ES,Electric,4,9,-1.0,STRONG,False,0.029986244841815557
2025-09-30,INTC,Semiconductors,8,7,-1.0,STRONG,True,0.14187517184492715
2025-09-30,TER,Semiconductors,5,3,0.0,STRONG,True,0.030255458826887516
2025-09-30,WDC,Computers,9,9,3.0,STRONG,True,0.05098435133770818
2025-10-01,AMAT,Semiconductors,4,3,0.0,STRONG,True,0.11434108527131781
2025-10-01,INTC,Semiconductors,7,7,-1.0,STRONG,True,0.1366510860599397
2025-10-01,LRCX,Semiconductors,4,3,0.0,STRONG,True,0.14478090488065543
2025-10-01,SMCI,Computers,10,13,10.0,WEAKENING,False,-0.023173896922506487
2025-10-01,STX,Computers,3,6,3.0,STRONG,True,0.09385166577440995
2025-10-01,TER,Semiconductors,4,3,0.0,STRONG,True,0.2411873840445271
2025-10-01,VRT,Machinery-Constr&Mining,3,1,0.0,STRONG,True,0.22401719901719908
2025-10-01,WDC,Computers,8,9,3.0,STRONG,True,0.18946659936059218
2025-10-02,AMAT,Semiconductors,3,3,0.0,STRONG,True,0.09921535261864256
2025-10-02,INTC,Semiconductors,6,7,-1.0,STRONG,True,0.1042067638163322
2025-10-02,LRCX,Semiconductors,3,3,0.0,STRONG,True,0.1472034200213752
2025-10-02,STX,Computers,2,6,3.0,STRONG,True,0.10501173660585583
2025-10-02,TER,Semiconductors,3,3,0.0,STRONG,True,0.26216640502354793
2025-10-02,WDC,Computers,7,9,3.0,STRONG,True,0.1621235066464748
2025-10-03,CNC,Healthcare-Services,5,8,-2.0,STRONG,False,-0.01090604026845643
2025-10-03,INTC,Semiconductors,5,7,-1.0,STRONG,True,0.09953258179818536
2025-10-03,MU,Semiconductors,13,12,8.0,WEAKENING,True,0.1274751851665239
2025-10-03,TER,Semiconductors,2,3,0.0,STRONG,True,0.2969887255601542
2025-10-03,WDC,Computers,6,9,3.0,STRONG,True,0.2637556789500253
2025-10-06,AMD,Semiconductors,12,12,8.0,WEAKENING,True,0.12778525822004072
2025-10-06,INTC,Semiconductors,4,7,-1.0,STRONG,True,0.08605993951058566
2025-10-06,MU,Semiconductors,12,12,8.0,WEAKENING,True,0.18254648057640943
2025-10-06,SMCI,Computers,7,13,10.0,WEAKENING,False,-0.05913978494623651
2025-10-07,AMD,Semiconductors,11,12,8.0,WEAKENING,True,0.0860878252182602
2025-10-07,CNC,Healthcare-Services,3,8,-2.0,STRONG,False,0.00978747203579422
2025-10-07,INTC,Semiconductors,3,7,-1.0,STRONG,True,0.018146824305746545
2025-10-07,NEE,Electric,9,4,1.0,STRONG,False,-0.03633360858794388
2025-10-07,SMCI,Computers,6,13,10.0,WEAKENING,False,-0.12124582869855394
2025-10-08,AMD,Semiconductors,10,12,8.0,WEAKENING,True,0.11336489597359156
2025-10-08,DELL,Computers,5,13,10.0,WEAKENING,True,-0.008392973324658382
2025-10-08,INTC,Semiconductors,2,7,-1.0,STRONG,True,0.05526532856750088
2025-10-08,MU,Semiconductors,10,12,8.0,WEAKENING,True,0.1966544062074873
2025-10-08,SMCI,Computers,5,13,10.0,WEAKENING,False,-0.2208008898776418
2025-10-09,AMD,Semiconductors,9,12,8.0,WEAKENING,True,0.03244581505451061
2025-10-09,LLY,Pharmaceuticals,4,9,-3.0,STRONG,True,0.13413262034673412
2025-10-09,MU,Semiconductors,9,12,8.0,WEAKENING,True,0.20083639844812828
2025-10-09,SMCI,Computers,4,13,10.0,WEAKENING,False,-0.2521319985168705
2025-10-09,VRT,Machinery-Constr&Mining,9,1,0.0,STRONG,True,0.06661227344250831
2025-10-10,AMD,Semiconductors,8,12,8.0,WEAKENING,True,0.01437692742040575
2025-10-10,DELL,Computers,3,13,10.0,WEAKENING,True,-0.045543266102797686
2025-10-10,LLY,Pharmaceuticals,3,9,-3.0,STRONG,True,0.1183202874529683
2025-10-10,MU,Semiconductors,8,12,8.0,WEAKENING,True,0.19877059505214878
2025-10-10,SMCI,Computers,3,13,10.0,WEAKENING,False,-0.2628846866889136
2025-10-10,VRT,Machinery-Constr&Mining,8,1,0.0,STRONG,True,0.04784661110787347
2025-10-13,AMD,Semiconductors,7,12,8.0,WEAKENING,True,0.05972288580984242
2025-10-13,CRL,Healthcare-Services,2,5,1.0,STRONG,True,-0.010250702905342135
2025-10-13,DELL,Computers,2,13,10.0,WEAKENING,True,-0.0716330513988288
2025-10-13,MU,Semiconductors,7,12,8.0,WEAKENING,True,0.27626341512571173
2025-10-13,SMCI,Computers,2,13,10.0,WEAKENING,False,-0.25491286614757136
2025-10-13,VRT,Machinery-Constr&Mining,7,1,0.0,STRONG,True,0.09470248849000518
2025-10-14,AMD,Semiconductors,6,12,8.0,WEAKENING,True,0.031663988185727465
2025-10-14,CEG,Electric,4,4,1.0,STRONG,False,-0.04954054054054047
2025-10-14,MU,Semiconductors,6,12,8.0,WEAKENING,True,0.21484355318184112
2025-10-14,NEE,Electric,4,4,1.0,STRONG,False,0.011678659903267663
2025-10-14,SMCI,Computers,1,13,10.0,WEAKENING,False,-0.28031145717463846
2025-10-14,VRT,Machinery-Constr&Mining,6,1,0.0,STRONG,True,0.04347572702371938
2025-10-15,AMD,Semiconductors,5,12,8.0,WEAKENING,True,0.12448421144073318
2025-10-15,CAT,Machinery-Constr&Mining,5,1,0.0,STRONG,True,0.11502013971317937
2025-10-15,CEG,Electric,3,4,1.0,STRONG,False,-0.04318918918918924
2025-10-15,GNRC,Electrical Compo&Equip,9,17,-1.0,WEAKENING,False,-0.14583223770707343
2025-10-15,UAL,Airlines,1,11,-12.0,WEAKENING,True,0.01812811895305022
2025-10-15,VRT,Machinery-Constr&Mining,5,1,0.0,STRONG,True,0.010373564893058962
2025-10-16,AMD,Semiconductors,4,12,8.0,WEAKENING,True,0.07700994657516413
2025-10-16,BG,Agriculture,9,22,0.0,COLLAPSED,False,0.008324661810614087
2025-10-16,CAT,Machinery-Constr&Mining,4,1,0.0,STRONG,True,0.07713412854390844
2025-10-16,CEG,Electric,2,4,1.0,STRONG,False,-0.09259459459459451
2025-10-16,JBHT,Transportation,10,15,-22.0,WEAKENING,False,-0.0019803168506959956
2025-10-16,MPWR,Semiconductors,4,12,8.0,WEAKENING,True,-0.07700219692430599
2025-10-16,MU,Semiconductors,4,12,8.0,WEAKENING,True,0.19388320652995406
2025-10-17,AMD,Semiconductors,3,12,8.0,WEAKENING,True,0.07201494158015898
2025-10-17,GILD,Biotechnology,3,5,-2.0,STRONG,False,0.029310060925407555
2025-10-17,JBHT,Transportation,9,15,-22.0,WEAKENING,False,-0.02298367738838203
2025-10-17,KDP,Beverages,5,4,0.0,STRONG,True,-0.0011045655375552244
2025-10-17,MPWR,Semiconductors,3,12,8.0,WEAKENING,True,-0.08109646494907119
2025-10-17,VRT,Machinery-Constr&Mining,3,1,0.0,STRONG,True,-0.003613264176234088
2025-10-20,AMD,Semiconductors,2,12,8.0,WEAKENING,True,0.04469443599878398
2025-10-20,BG,Agriculture,7,22,0.0,COLLAPSED,False,-0.022164412070759587
2025-10-20,KDP,Beverages,4,4,0.0,STRONG,True,-0.007363770250368162
2025-10-20,ON,Semiconductors,2,12,8.0,WEAKENING,True,-0.1138070479491623
2025-10-20,PEP,Beverages,3,5,0.0,STRONG,False,-0.024288825820077742
2025-10-21,AMD,Semiconductors,1,12,8.0,WEAKENING,True,0.00026060895626112135
2025-10-21,CRL,Healthcare-Services,6,8,4.0,STRONG,False,-0.09780738273660838
2025-10-21,DAL,Airlines,2,32,21.0,COLLAPSED,False,-0.0279053939084567
2025-10-21,GM,Auto Manufacturers,10,6,-3.0,STRONG,False,0.01585165245999698
2025-10-21,ON,Semiconductors,1,12,8.0,WEAKENING,True,-0.12266512613133063
2025-10-22,GM,Auto Manufacturers,9,6,-3.0,STRONG,False,0.024375654254523704
2025-10-22,ISRG,Healthcare-Products,10,13,0.0,WEAKENING,False,0.0293318749430318
2025-10-22,PEP,Beverages,1,5,0.0,STRONG,False,-0.029040987393571194
2025-10-23,GM,Auto Manufacturers,8,6,-3.0,STRONG,False,0.01749663526244949
2025-10-23,ISRG,Healthcare-Products,9,13,0.0,WEAKENING,False,0.006708595387840743
2025-10-23,WST,Healthcare-Products,3,6,-8.0,STRONG,False,-0.09072630427881068
2025-10-24,FIX,Engineering&Construction,10,17,10.0,WEAKENING,False,-0.0640453907836609
2025-10-24,ISRG,Healthcare-Products,8,13,0.0,WEAKENING,False,0.023808221675325925
2025-10-24,KLAC,Semiconductors,6,3,0.0,STRONG,True,-0.10008694653608297
2025-10-24,MU,Semiconductors,13,15,9.0,WEAKENING,True,-0.15324622294814205
2025-10-27,AMD,Semiconductors,3,2,-11.0,STRONG,True,-0.15613718411552346
2025-10-27,ISRG,Healthcare-Products,7,13,0.0,WEAKENING,False,0.03633214839121335
2025-10-27,KLAC,Semiconductors,5,3,0.0,STRONG,True,-0.06759683055268473
2025-10-27,LITE,Computers,18,17,10.0,WEAKENING,True,0.2834848225004287
2025-10-28,AMD,Semiconductors,2,2,-11.0,STRONG,True,-0.19113953853398213
2025-10-28,FIX,Engineering&Construction,8,17,10.0,WEAKENING,False,0.001863367041433639
2025-10-28,GM,Auto Manufacturers,5,6,-3.0,STRONG,False,0.08838043965903997
2025-10-28,HAL,Oil&Gas Services,6,2,-2.0,STRONG,False,-0.05202952029520291
2025-10-28,ISRG,Healthcare-Products,6,13,0.0,WEAKENING,False,0.05527299243460049
2025-10-28,LITE,Computers,17,17,10.0,WEAKENING,True,0.24879951980792314
2025-10-28,MU,Semiconductors,11,15,9.0,WEAKENING,True,-0.08317680685994289
2025-10-29,COHR,Electronics,11,11,5.0,WEAKENING,True,0.10023576480674423
2025-10-29,FIX,Engineering&Construction,7,17,10.0,WEAKENING,False,0.01642484768544694
2025-10-29,GM,Auto Manufacturers,4,6,-3.0,STRONG,False,0.088829071332436
2025-10-29,HAL,Oil&Gas Services,5,2,-2.0,STRONG,False,-0.04833948339483407
2025-10-29,LITE,Computers,16,17,10.0,WEAKENING,True,0.32172869147659044
2025-10-29,STX,Computers,10,12,-3.0,WEAKENING,False,-0.038762973946197876
2025-10-29,TER,Semiconductors,10,15,9.0,WEAKENING,False,0.0006135995983711506
2025-10-30,GM,Auto Manufacturers,3,6,-3.0,STRONG,False,0.09944668760281128
2025-10-30,HAL,Oil&Gas Services,4,2,-2.0,STRONG,False,-0.03247232472324735
2025-10-30,LITE,Computers,15,17,10.0,WEAKENING,True,0.39410049734179387
2025-10-30,STX,Computers,9,12,-3.0,WEAKENING,False,-0.023194238508790432
2025-10-30,TER,Semiconductors,9,15,9.0,WEAKENING,True,0.01461482679756787
2025-10-31,GM,Auto Manufacturers,2,6,-3.0,STRONG,False,0.09092268580828478
2025-10-31,HAL,Oil&Gas Services,3,2,-2.0,STRONG,False,-0.017343173431734416
2025-10-31,LITE,Computers,14,17,10.0,WEAKENING,True,0.36310238381066706
2025-10-31,TER,Semiconductors,8,15,9.0,WEAKENING,True,0.0020081441401238465
2025-10-31,WDC,Computers,10,8,-3.0,STRONG,False,0.03617816638154969
2025-11-03,HAL,Oil&Gas Services,2,2,-2.0,STRONG,False,-0.007011070110701123
2025-11-03,ISRG,Healthcare-Products,2,13,0.0,WEAKENING,False,0.034946677604594134
2025-11-03,LITE,Computers,13,17,10.0,WEAKENING,True,0.2982764534385183
2025-11-03,STX,Computers,7,12,-3.0,WEAKENING,False,-0.05786203487961583
2025-11-03,TER,Semiconductors,7,15,9.0,WEAKENING,True,0.05951916104200361
2025-11-03,WDC,Computers,9,8,-3.0,STRONG,False,0.01368561110055122
2025-11-04,CHRW,Transportation,7,22,20.0,COLLAPSED,False,0.05195832783858623
2025-11-04,INCY,Biotechnology,9,1,-5.0,STRONG,False,-0.025631179802246384
2025-11-04,ISRG,Healthcare-Products,1,13,0.0,WEAKENING,False,0.038574423480084
2025-11-04,LITE,Computers,12,17,10.0,WEAKENING,True,0.29900531641227923
2025-11-04,STX,Computers,6,12,-3.0,WEAKENING,False,-0.08681070394690382
2025-11-04,TER,Semiconductors,6,15,9.0,WEAKENING,True,0.0881909968204384
2025-11-04,WDC,Computers,8,8,-3.0,STRONG,False,-0.01419248558575692
2025-11-05,CAH,Pharmaceuticals,12,2,-3.0,STRONG,False,-0.0491216345235822
2025-11-05,CHRW,Transportation,6,22,20.0,COLLAPSED,False,0.04213372016352368
2025-11-05,INCY,Biotechnology,8,1,-5.0,STRONG,False,-0.0356148603244697
2025-11-05,LVS,Lodging,8,7,3.0,STRONG,True,0.023427866831073008
2025-11-05,TER,Semiconductors,5,15,9.0,WEAKENING,True,0.10799352931332629
2025-11-06,CAH,Pharmaceuticals,11,2,-3.0,STRONG,False,-0.05084017567309518
2025-11-06,CHRW,Transportation,5,22,20.0,COLLAPSED,False,0.03666095212976406
2025-11-06,COHR,Electronics,5,11,5.0,WEAKENING,True,0.2987783096377794
2025-11-06,INCY,Biotechnology,7,1,-5.0,STRONG,False,-0.015839493136219684
2025-11-07,CHRW,Transportation,4,22,20.0,COLLAPSED,False,0.011538968745878897
2025-11-07,COHR,Electronics,4,11,5.0,WEAKENING,True,0.3278559691362435
2025-11-07,TER,Semiconductors,3,15,9.0,WEAKENING,True,0.1323143861214926
2025-11-10,CHRW,Transportation,3,22,20.0,COLLAPSED,False,0.005670578926546321
2025-11-10,COHR,Electronics,3,11,5.0,WEAKENING,True,0.3769379152675574
2025-11-10,LITE,Computers,8,17,10.0,WEAKENING,True,0.5448893843251585
2025-11-10,STX,Computers,2,12,-3.0,WEAKENING,True,-0.001412130198404249
2025-11-10,WDC,Computers,4,8,-3.0,STRONG,True,0.0741937527719696
2025-11-11,CAH,Pharmaceuticals,8,2,-3.0,STRONG,False,-0.05379988543059
2025-11-11,INCY,Biotechnology,4,1,-5.0,STRONG,False,-0.08639723528847076
2025-11-11,LITE,Computers,7,17,10.0,WEAKENING,True,0.5691991082147143
2025-11-11,LLY,Pharmaceuticals,12,4,2.0,STRONG,False,-0.07608766399806599
2025-11-11,STX,Computers,1,12,-3.0,WEAKENING,True,0.055284897267528166
2025-11-11,TER,Semiconductors,1,15,9.0,WEAKENING,True,0.13800412785184357
2025-11-11,WDC,Computers,3,8,-3.0,STRONG,True,0.15282265728948863
2025-11-12,CAH,Pharmaceuticals,7,2,-3.0,STRONG,False,-0.05327477563490546
2025-11-12,CHRW,Transportation,1,22,20.0,COLLAPSED,False,0.0536726889094028
2025-11-12,EXPD,Transportation,4,19,16.0,WEAKENING,True,0.09370309484668726
2025-11-12,INCY,Biotechnology,3,1,-5.0,STRONG,False,-0.07746952097532889
2025-11-12,LLY,Pharmaceuticals,11,4,2.0,STRONG,False,-0.06145220229295101
2025-11-13,AMGN,Biotechnology,7,1,0.0,STRONG,False,-0.049536344600658144
2025-11-13,HSIC,Pharmaceuticals,3,4,-1.0,STRONG,False,0.0751404494382022
2025-11-13,LLY,Pharmaceuticals,10,4,2.0,STRONG,False,-0.04459445637721182
2025-11-14,HSIC,Pharmaceuticals,2,4,-1.0,STRONG,False,0.08693820224719095
2025-11-14,LITE,Computers,4,17,10.0,WEAKENING,True,0.43495969816498015
2025-11-14,LLY,Pharmaceuticals,9,4,2.0,STRONG,False,-0.012348089672422291
2025-11-17,AMGN,Biotechnology,5,1,0.0,STRONG,False,-0.022614418187256957
2025-11-17,LITE,Computers,3,17,10.0,WEAKENING,True,0.3554707597324642
2025-11-17,LLY,Pharmaceuticals,8,4,2.0,STRONG,False,-0.019693715305866277
2025-11-17,MRK,Pharmaceuticals,10,8,6.0,STRONG,False,-0.02731861823220827
2025-11-17,SOLV,Healthcare-Products,11,16,10.0,WEAKENING,False,-0.05466275659824038
2025-11-18,AMGN,Biotechnology,4,1,0.0,STRONG,False,-0.02479808555189955
2025-11-18,APA,Oil&Gas,2,15,10.0,WEAKENING,True,0.05346449957228394
2025-11-18,BIIB,Biotechnology,8,3,2.0,STRONG,False,-0.03194960062999219
2025-11-18,LLY,Pharmaceuticals,7,4,2.0,STRONG,False,-0.0313165406752397
2025-11-18,MRK,Pharmaceuticals,9,8,6.0,STRONG,False,-0.01831139265564674
2025-11-18,REGN,Biotechnology,9,14,13.0,WEAKENING,False,0.010498652291105026
2025-11-19,APA,Oil&Gas,1,15,10.0,WEAKENING,True,0.01839178785286566
2025-11-19,EPAM,Computers,2,24,16.0,COLLAPSED,True,0.14388330202232313
2025-11-19,LITE,Computers,1,17,10.0,WEAKENING,True,0.4454210255530784
2025-11-19,LLY,Pharmaceuticals,6,4,2.0,STRONG,False,-0.017285465889331997
2025-11-19,MRK,Pharmaceuticals,8,8,6.0,STRONG,False,-0.0033653370286054196
2025-11-20,JNJ,Pharmaceuticals,5,4,2.0,STRONG,False,-0.002658032089696394
2025-11-20,LLY,Pharmaceuticals,5,4,2.0,STRONG,False,-0.003747198899085924
2025-11-20,MNST,Beverages,1,8,-21.0,STRONG,True,0.05857856746252077
2025-11-20,MRK,Pharmaceuticals,7,8,6.0,STRONG,False,0.0005938830050480348
2025-11-20,REGN,Biotechnology,7,14,13.0,WEAKENING,True,0.03498652291105131
2025-11-21,BIIB,Biotechnology,5,3,2.0,STRONG,False,-0.017324783440207048
2025-11-21,DXCM,Pharmaceuticals,3,3,0.0,STRONG,True,0.07836238605469381
2025-11-21,JNJ,Pharmaceuticals,4,4,2.0,STRONG,False,0.0019331142470520035
2025-11-21,LLY,Pharmaceuticals,4,4,2.0,STRONG,True,0.0009391242898453278
2025-11-21,MDT,Healthcare-Products,6,21,18.0,COLLAPSED,False,-0.04234048809173785
2025-11-21,MRK,Pharmaceuticals,6,8,6.0,STRONG,False,0.036523804810452365
2025-11-21,REGN,Biotechnology,6,14,13.0,WEAKENING,True,0.05035040431266857
2025-11-21,SOLV,Healthcare-Products,7,16,10.0,WEAKENING,False,-0.05243401759530786
2025-11-24,BIIB,Biotechnology,4,3,2.0,STRONG,False,-0.016649791877601627
2025-11-24,DXCM,Pharmaceuticals,2,3,0.0,STRONG,True,0.06924676155445386
2025-11-24,LLY,Pharmaceuticals,3,4,2.0,STRONG,True,-0.003561233693175958
2025-11-24,MDT,Healthcare-Products,5,21,18.0,COLLAPSED,False,-0.04469273743016766
2025-11-24,MRK,Pharmaceuticals,5,8,6.0,STRONG,True,0.039691180837374995
2025-11-24,REGN,Biotechnology,5,14,13.0,WEAKENING,True,0.05818059299191369
2025-11-24,SOLV,Healthcare-Products,6,16,10.0,WEAKENING,False,-0.055131964809384204
2025-11-25,BIIB,Biotechnology,3,3,2.0,STRONG,False,-0.008156148048149348
2025-11-25,LLY,Pharmaceuticals,2,4,2.0,STRONG,True,0.0014040373046202426
2025-11-25,MRK,Pharmaceuticals,4,8,6.0,STRONG,True,0.05364743145600315
2025-11-25,REGN,Biotechnology,4,14,13.0,WEAKENING,True,0.056212938005390845
2025-11-25,RVTY,Healthcare-Products,5,16,10.0,WEAKENING,True,-0.06275421266705405
2025-11-25,SOLV,Healthcare-Products,5,16,10.0,WEAKENING,False,-0.05947214076246321
2025-11-26,BIIB,Biotechnology,2,3,2.0,STRONG,False,-0.003937450781865137
2025-11-26,MRK,Pharmaceuticals,3,8,6.0,STRONG,True,0.05691378798376712
2025-11-26,REGN,Biotechnology,3,14,13.0,WEAKENING,True,0.057911051212937936
2025-11-26,SOLV,Healthcare-Products,4,16,10.0,WEAKENING,False,-0.05618768328445756
2025-11-28,SOLV,Healthcare-Products,3,16,10.0,WEAKENING,False,-0.06052785923753656
2025-12-01,CVNA,Retail,15,21,14.0,COLLAPSED,False,-0.009340405904059046
2025-12-02,CVNA,Retail,14,21,14.0,COLLAPSED,False,-0.026752767527675192
2025-12-02,DAL,Airlines,7,1,0.0,STRONG,True,-0.01643990929705208
2025-12-02,JBHT,Transportation,10,13,7.0,WEAKENING,False,-0.012299247814596348
2025-12-02,UAL,Airlines,5,1,0.0,STRONG,True,0.057899716177861826
2025-12-03,ADI,Semiconductors,6,9,-1.0,STRONG,False,-0.034052013126786296
2025-12-03,INTC,Semiconductors,6,9,-1.0,STRONG,True,-0.003290306251581776
2025-12-03,MCHP,Semiconductors,10,12,7.0,WEAKENING,False,0.016252539459290505
2025-12-03,NXPI,Semiconductors,9,7,3.0,STRONG,False,-0.03686615886833511
2025-12-03,ON,Semiconductors,9,7,3.0,STRONG,True,0.03922287390029333
2025-12-04,MCHP,Semiconductors,9,12,7.0,WEAKENING,False,0.047976246288482516
2025-12-04,ODFL,Transportation,9,9,2.0,STRONG,False,0.051370962563411116
2025-12-05,ADI,Semiconductors,4,9,-1.0,STRONG,False,0.0336991425244364
2025-12-05,MCHP,Semiconductors,8,12,7.0,WEAKENING,True,0.1700265666510392
2025-12-05,TER,Semiconductors,5,9,5.0,STRONG,True,0.18343072865491017
2025-12-08,MCHP,Semiconductors,7,12,7.0,WEAKENING,True,0.15549304578840428
2025-12-08,TER,Semiconductors,4,9,5.0,STRONG,True,0.15054041474892688
2025-12-09,CVNA,Retail,9,21,14.0,COLLAPSED,False,0.02075645756457556
2025-12-09,DECK,Apparel,7,2,0.0,STRONG,True,0.06772749875683748
2025-12-09,DG,Retail,8,15,-4.0,WEAKENING,True,0.04895104895104896
2025-12-09,MCHP,Semiconductors,6,12,7.0,WEAKENING,True,0.14908579465541494
2025-12-09,TER,Semiconductors,3,9,5.0,STRONG,True,0.11863267311371972
2025-12-10,COHR,Electronics,2,13,-23.0,WEAKENING,True,-0.0015700347650555724
2025-12-10,GEV,Machinery-Constr&Mining,5,25,19.0,COLLAPSED,True,0.013530015141894003
2025-12-10,MCHP,Semiconductors,5,12,7.0,WEAKENING,True,0.17549617127676198
2025-12-10,NXPI,Semiconductors,4,7,3.0,STRONG,True,0.04961915125136018
2025-12-10,TER,Semiconductors,2,9,5.0,STRONG,True,0.12354553446760086
2025-12-11,CVNA,Retail,7,21,14.0,COLLAPSED,False,0.07126383763837651
2025-12-11,DG,Retail,6,15,-4.0,WEAKENING,True,0.08435314685314688
2025-12-11,MCHP,Semiconductors,4,12,7.0,WEAKENING,True,0.14689795280512574
2025-12-11,NXPI,Semiconductors,3,7,3.0,STRONG,True,0.03734494015233958
2025-12-12,DECK,Apparel,4,2,0.0,STRONG,True,0.01153654898060652
2025-12-12,LUV,Airlines,8,2,1.0,STRONG,False,0.04146576663452284
2025-12-12,MCHP,Semiconductors,3,12,7.0,WEAKENING,True,0.15752461322081568
2025-12-12,NXPI,Semiconductors,2,7,3.0,STRONG,True,0.04065288356909691
2025-12-12,ODFL,Transportation,3,9,2.0,STRONG,True,0.10222821550118799
2025-12-15,CVNA,Retail,5,21,14.0,COLLAPSED,False,0.05765682656826576
2025-12-15,DG,Retail,4,15,-4.0,WEAKENING,True,0.09957750582750569
2025-12-15,DLTR,Retail,4,15,-4.0,WEAKENING,True,0.09738735919899866
2025-12-15,GEV,Machinery-Constr&Mining,2,25,19.0,COLLAPSED,True,0.04882853840016921
2025-12-15,LUV,Airlines,7,2,1.0,STRONG,False,0.025795564127290227
2025-12-15,MCHP,Semiconductors,2,12,7.0,WEAKENING,True,0.16705735271136124
2025-12-15,NCLH,Leisure Time,10,1,-1.0,STRONG,False,0.02942487739634414
2025-12-16,LUV,Airlines,6,2,1.0,STRONG,False,0.039054966248794676
2025-12-16,MCHP,Semiconductors,1,12,7.0,WEAKENING,True,0.16346304110017185
2025-12-16,NCLH,Leisure Time,9,1,-1.0,STRONG,False,0.01961658493089624
2025-12-16,TSLA,Auto Manufacturers,1,2,-1.0,STRONG,True,-0.06140050507212258
2025-12-17,LUV,Airlines,5,2,1.0,STRONG,False,0.03953712632594031
2025-12-17,NCLH,Leisure Time,8,1,-1.0,STRONG,False,-0.018724921979491715
2025-12-17,WBD,Media,3,8,-10.0,STRONG,False,-0.005913043478260938
2025-12-18,CVNA,Retail,2,21,14.0,COLLAPSED,True,0.020064575645756477
2025-12-18,LULU,Retail,6,24,9.0,COLLAPSED,False,-0.11188482168062486
2025-12-18,LUV,Airlines,4,2,1.0,STRONG,False,0.021697203471552795
2025-12-18,NCLH,Leisure Time,7,1,-1.0,STRONG,False,-0.09184128399464997
2025-12-19,CCL,Leisure Time,10,1,0.0,STRONG,False,-0.12538699690402466
2025-12-19,NCLH,Leisure Time,6,1,-1.0,STRONG,False,-0.0695497102095407
2025-12-19,RCL,Leisure Time,4,1,-3.0,STRONG,False,-0.02765428641439438
2025-12-22,CCL,Leisure Time,9,1,0.0,STRONG,False,-0.11795665634674923
2025-12-22,NCLH,Leisure Time,5,1,-1.0,STRONG,False,-0.07177886758805174
2025-12-22,RCL,Leisure Time,3,1,-3.0,STRONG,False,-0.0004200651100920716
2025-12-23,CCL,Leisure Time,8,1,0.0,STRONG,False,-0.11609907120743024
2025-12-23,NCLH,Leisure Time,4,1,-1.0,STRONG,False,-0.06687472135532768
2025-12-23,RCL,Leisure Time,2,1,-3.0,STRONG,False,0.0015402387370042625
2025-12-24,CCL,Leisure Time,7,1,0.0,STRONG,False,-0.11238390092879247
2025-12-24,GE,Aerospace/Defense,2,11,-23.0,WEAKENING,True,-0.05302009114834061
2025-12-24,NCLH,Leisure Time,3,1,-1.0,STRONG,False,-0.07311636201515825
2025-12-24,RCL,Leisure Time,1,1,-3.0,STRONG,False,0.026184058529071796
2025-12-26,CCL,Leisure Time,6,1,0.0,STRONG,False,-0.11176470588235288
2025-12-26,GE,Aerospace/Defense,1,11,-23.0,WEAKENING,True,-0.045285319982027006
2025-12-26,NCLH,Leisure Time,2,1,-1.0,STRONG,False,-0.06999554168524302
2025-12-29,CCL,Leisure Time,5,1,0.0,STRONG,False,-0.11083591331269349
2025-12-29,CMCSA,Media,2,2,-4.0,STRONG,False,0.01464285714285718
2025-12-29,LRCX,Semiconductors,16,2,-2.0,STRONG,True,0.08554599003171748
2025-12-29,NVDA,Semiconductors,5,13,3.0,WEAKENING,False,0.022858363597521913
2025-12-30,CCL,Leisure Time,4,1,0.0,STRONG,False,-0.035603715170278605
2025-12-31,CCL,Leisure Time,3,1,0.0,STRONG,False,-0.07058823529411762
2026-01-02,FIX,Engineering&Construction,4,33,3.0,COLLAPSED,True,0.21077931836663266
2026-01-05,HAL,Oil&Gas Services,9,2,-1.0,STRONG,True,0.03991403131716287
2026-01-05,IBKR,Diversified Finan Serv,3,15,6.0,WEAKENING,True,0.06798745724059319
2026-01-05,SLB,Oil&Gas Services,10,1,-2.0,STRONG,True,0.071259418729817
2026-01-06,IBKR,Diversified Finan Serv,2,15,6.0,WEAKENING,True,0.046750285062713726
2026-01-06,SLB,Oil&Gas Services,9,1,-2.0,STRONG,True,0.10548977395048431
2026-01-07,ALB,Chemicals,14,8,1.0,STRONG,False,-0.1510877231053004
2026-01-08,CNC,Healthcare-Services,6,17,6.0,WEAKENING,False,-0.15934426229508192
2026-01-08,DOW,Chemicals,7,7,2.0,STRONG,True,0.19563581640331096
2026-01-08,HAL,Oil&Gas Services,6,2,-1.0,STRONG,True,0.07399447344181742
2026-01-08,SLB,Oil&Gas Services,7,1,-2.0,STRONG,True,0.09149623250807326
2026-01-09,AMAT,Semiconductors,8,2,-2.0,STRONG,True,0.03695222560306144
2026-01-09,HAL,Oil&Gas Services,5,2,-1.0,STRONG,True,0.07153822536076149
2026-01-09,INTC,Semiconductors,10,4,-1.0,STRONG,True,0.18239585784890555
2026-01-09,LRCX,Semiconductors,8,2,-2.0,STRONG,True,0.038876302673312324
2026-01-09,MCHP,Semiconductors,7,3,-7.0,STRONG,True,-0.023490813648294084
2026-01-09,MU,Semiconductors,17,32,30.0,COLLAPSED,False,0.010806536636795094
2026-01-09,SLB,Oil&Gas Services,6,1,-2.0,STRONG,True,0.08805166846071044
2026-01-12,AMAT,Semiconductors,7,2,-2.0,STRONG,True,0.032246933718121484
2026-01-12,INTC,Semiconductors,9,4,-1.0,STRONG,True,0.10920216521534476
2026-01-12,LHX,Aerospace/Defense,9,6,5.0,STRONG,False,-0.025748164878599655
2026-01-12,LRCX,Semiconductors,7,2,-2.0,STRONG,True,0.02677843226098786
2026-01-12,MU,Semiconductors,16,32,30.0,COLLAPSED,False,-0.01620980495519231
2026-01-12,SLB,Oil&Gas Services,5,1,-2.0,STRONG,True,0.08331539289558654
2026-01-13,ALB,Chemicals,10,8,1.0,STRONG,False,-0.04828297075896493
2026-01-13,INTC,Semiconductors,8,4,-1.0,STRONG,True,0.13650270651918084
2026-01-13,LRCX,Semiconductors,6,2,-2.0,STRONG,True,0.06533756230176713
2026-01-13,SLB,Oil&Gas Services,4,1,-2.0,STRONG,True,0.110010764262648
2026-01-13,TER,Semiconductors,3,5,-3.0,STRONG,True,0.4089414858645628
2026-01-14,ALB,Chemicals,9,8,1.0,STRONG,False,-0.13779634351434933
2026-01-14,DOW,Chemicals,3,7,2.0,STRONG,True,0.2283671933784801
2026-01-14,INTC,Semiconductors,7,4,-1.0,STRONG,True,0.09390444810543652
2026-01-14,LRCX,Semiconductors,5,2,-2.0,STRONG,True,0.04798368826461252
2026-01-14,SLB,Oil&Gas Services,3,1,-2.0,STRONG,True,0.09020452099031218
2026-01-15,ALB,Chemicals,8,8,1.0,STRONG,False,-0.09754245103889769
2026-01-15,AMAT,Semiconductors,4,2,-2.0,STRONG,True,0.1133034285893535
2026-01-15,BG,Agriculture,10,5,2.0,STRONG,False,0.07595714787495611
2026-01-15,INTC,Semiconductors,6,4,-1.0,STRONG,True,0.10120028241939272
2026-01-15,KLAC,Semiconductors,3,3,-7.0,STRONG,True,-0.03675657894736839
2026-01-15,LRCX,Semiconductors,4,2,-2.0,STRONG,True,0.06719528772088812
2026-01-16,AMAT,Semiconductors,3,2,-2.0,STRONG,True,0.12654098309231765
2026-01-16,INTC,Semiconductors,5,4,-1.0,STRONG,True,0.08684396328547894
2026-01-16,KLAC,Semiconductors,2,3,-7.0,STRONG,True,-0.03276973684210527
2026-01-16,LMT,Aerospace/Defense,5,6,5.0,STRONG,True,0.11676924663893007
2026-01-16,LRCX,Semiconductors,3,2,-2.0,STRONG,True,0.06742183960126891
2026-01-20,ALB,Chemicals,6,8,1.0,STRONG,False,-0.07112244344382368
2026-01-20,BG,Agriculture,8,5,2.0,STRONG,False,0.06928345626975774
2026-01-20,INTC,Semiconductors,4,4,-1.0,STRONG,True,0.06989879971758062
2026-01-20,MU,Semiconductors,11,32,30.0,COLLAPSED,False,0.10951502372166577
2026-01-21,AMD,Semiconductors,7,3,1.0,STRONG,False,-0.1409200354834621
2026-01-21,BG,Agriculture,7,5,2.0,STRONG,False,0.08438707411310142
2026-01-21,CF,Chemicals,8,9,4.0,STRONG,False,0.10707925200356172
2026-01-21,GNRC,Electrical Compo&Equip,6,7,-3.0,STRONG,True,0.33798011881654033
2026-01-21,INTC,Semiconductors,3,4,-1.0,STRONG,True,0.05012944222169913
2026-01-21,TPL,Oil&Gas,7,7,-5.0,STRONG,True,0.39671604087725343
2026-01-22,AMD,Semiconductors,6,3,1.0,STRONG,False,-0.15452202931609849
2026-01-22,BG,Agriculture,6,5,2.0,STRONG,False,0.07086406743940987
2026-01-22,GNRC,Electrical Compo&Equip,5,7,-3.0,STRONG,True,0.3480971707546616
2026-01-22,INTC,Semiconductors,2,4,-1.0,STRONG,True,0.038126618027771286
2026-01-22,LMT,Aerospace/Defense,2,6,5.0,STRONG,True,0.13169205377712068
2026-01-23,ALB,Chemicals,3,8,1.0,STRONG,True,-0.03694461020994955
2026-01-23,AMD,Semiconductors,5,3,1.0,STRONG,False,-0.16951801630549568
2026-01-23,BG,Agriculture,5,5,2.0,STRONG,False,0.06533192834562707
2026-01-23,FIX,Engineering&Construction,5,2,-2.0,STRONG,True,0.23769372209088524
2026-01-23,MU,Semiconductors,8,32,30.0,COLLAPSED,True,0.10956773853452839
2026-01-26,ALB,Chemicals,2,8,1.0,STRONG,True,0.01356263223566434
2026-01-26,AMD,Semiconductors,4,3,1.0,STRONG,False,-0.09669243441895825
2026-01-26,BG,Agriculture,4,5,2.0,STRONG,False,0.07578152441166153
2026-01-26,MU,Semiconductors,7,32,30.0,COLLAPSED,True,0.10176594623089086
2026-01-27,AMD,Semiconductors,3,3,1.0,STRONG,False,-0.10928061504667752
2026-01-27,BG,Agriculture,3,5,2.0,STRONG,False,0.06585879873551104
2026-01-27,BKR,Oil&Gas Services,7,2,1.0,STRONG,True,0.12988145048814514
2026-01-27,MU,Semiconductors,6,32,30.0,COLLAPSED,True,0.13073273589878753
2026-01-28,BKR,Oil&Gas Services,6,2,1.0,STRONG,True,0.1314504881450489
2026-01-28,MPWR,Semiconductors,5,32,30.0,COLLAPSED,True,0.03808836853355402
2026-01-28,MU,Semiconductors,5,32,30.0,COLLAPSED,True,0.09530838165524513
2026-01-29,KLAC,Semiconductors,1,3,1.0,STRONG,True,0.06765690435172345
2026-01-29,LRCX,Semiconductors,2,2,-2.0,STRONG,True,-0.015200000000000102
2026-01-29,MPWR,Semiconductors,4,32,30.0,COLLAPSED,True,0.005198666467281843
2026-01-29,MU,Semiconductors,4,32,30.0,COLLAPSED,True,0.08690036900369003
2026-01-30,EQT,Oil&Gas,2,17,12.0,WEAKENING,False,0.1086330935251798
2026-01-30,MU,Semiconductors,3,32,30.0,COLLAPSED,True,0.08769109119662644
2026-01-30,TXN,Semiconductors,6,23,21.0,COLLAPSED,True,-0.04091054532157068
2026-02-02,MU,Semiconductors,2,32,30.0,COLLAPSED,True,0.0007380073800737907
2026-02-02,TXN,Semiconductors,5,23,21.0,COLLAPSED,True,-0.07359327147232264
2026-02-03,TER,Semiconductors,13,27,7.0,COLLAPSED,True,-0.04175824175824183
2026-02-03,TXN,Semiconductors,4,23,21.0,COLLAPSED,True,-0.07487315445444997
2026-02-05,BALL,Packaging&Containers,8,1,-8.0,STRONG,False,-0.057004976624943415
2026-02-05,FDX,Transportation,8,8,0.0,STRONG,False,-0.06259789077999367
2026-02-05,HSY,Food,7,24,12.0,COLLAPSED,False,0.025478577939835878
2026-02-06,GLW,Telecommunications,18,4,1.0,STRONG,False,-0.04222947899658602
2026-02-06,HSY,Food,6,24,12.0,COLLAPSED,False,0.015405651777575136
2026-02-09,CIEN,Telecommunications,17,4,1.0,STRONG,False,0.12716338122285342
2026-02-09,GLW,Telecommunications,17,4,1.0,STRONG,False,0.01098411755974471
2026-02-10,CIEN,Telecommunications,16,4,1.0,STRONG,False,0.13581690611426644
2026-02-10,VZ,Telecommunications,3,4,-3.0,STRONG,True,0.03407467863701297
2026-02-11,GLW,Telecommunications,15,4,1.0,STRONG,False,-0.03688585423779134
2026-02-11,GNRC,Electrical Compo&Equip,11,21,13.0,COLLAPSED,False,-0.09437813373563475
2026-02-11,VRT,Machinery-Constr&Mining,10,1,0.0,STRONG,True,0.02372410600624919
2026-02-11,VZ,Telecommunications,2,4,-3.0,STRONG,True,0.03305447867782085
2026-02-12,GLW,Telecommunications,14,4,1.0,STRONG,False,-0.041709959922814344
2026-02-12,GNRC,Electrical Compo&Equip,10,21,13.0,COLLAPSED,False,-0.11021875138660875
2026-02-12,SW,Packaging&Containers,6,6,0.0,STRONG,False,-0.1412832145171743
2026-02-12,VRT,Machinery-Constr&Mining,9,1,0.0,STRONG,True,-0.0013501523743394417
2026-02-12,VZ,Telecommunications,1,4,-3.0,STRONG,True,0.04835747806570101
2026-02-13,GLW,Telecommunications,13,4,1.0,STRONG,False,-0.019964375834941372
2026-02-13,GNRC,Electrical Compo&Equip,9,21,13.0,COLLAPSED,False,-0.10156631317389186
2026-02-13,SW,Packaging&Containers,5,6,0.0,STRONG,False,-0.14841218405703172
2026-02-13,TPL,Oil&Gas,14,1,-7.0,STRONG,True,0.0035426547054453472
2026-02-13,VRT,Machinery-Constr&Mining,8,1,0.0,STRONG,True,0.0212552559503143
2026-02-17,GNRC,Electrical Compo&Equip,8,21,13.0,COLLAPSED,False,-0.08958601411013001
2026-02-17,SW,Packaging&Containers,4,6,0.0,STRONG,False,-0.13415424497731698
2026-02-17,TPL,Oil&Gas,13,1,-7.0,STRONG,True,0.007904310229891687
2026-02-17,VRT,Machinery-Constr&Mining,7,1,0.0,STRONG,True,0.03541256798981607
2026-02-18,GNRC,Electrical Compo&Equip,7,21,13.0,COLLAPSED,False,-0.11137240981497087
2026-02-18,SW,Packaging&Containers,3,6,0.0,STRONG,False,-0.16655865197666886
2026-02-18,TPL,Oil&Gas,12,1,-7.0,STRONG,True,0.009618497990591113
2026-02-18,TPR,Apparel,2,9,-9.0,STRONG,False,-0.10694506333948695
2026-02-18,VRT,Machinery-Constr&Mining,6,1,0.0,STRONG,True,0.021139528603942193
2026-02-19,CIEN,Telecommunications,10,4,1.0,STRONG,True,0.3784831272970264
2026-02-19,FIX,Engineering&Construction,7,28,25.0,COLLAPSED,True,0.004422071420625118
2026-02-19,GNRC,Electrical Compo&Equip,6,21,13.0,COLLAPSED,False,-0.10879886409016293
2026-02-19,TPL,Oil&Gas,11,1,-7.0,STRONG,True,0.014265851475153912
2026-02-19,VRT,Machinery-Constr&Mining,5,1,0.0,STRONG,True,0.03834432743123872
2026-02-20,CIEN,Telecommunications,9,4,1.0,STRONG,True,0.28262612763113926
2026-02-20,FIX,Engineering&Construction,6,28,25.0,COLLAPSED,True,-0.05665952831238186
2026-02-20,GLW,Telecommunications,9,4,1.0,STRONG,False,-0.0754044827074366
2026-02-20,GNRC,Electrical Compo&Equip,5,21,13.0,COLLAPSED,False,-0.11563207170430845
2026-02-20,TPL,Oil&Gas,10,1,-7.0,STRONG,True,-0.010704150239033927
2026-02-20,VRT,Machinery-Constr&Mining,4,1,0.0,STRONG,True,-0.012922887011534212
2026-02-23,CIEN,Telecommunications,8,4,1.0,STRONG,True,0.3628466421650516
2026-02-23,EIX,Electric,4,10,-5.0,STRONG,False,-0.05445544554455439
2026-02-23,GLW,Telecommunications,8,4,1.0,STRONG,False,-0.027979812973133567
2026-02-23,GNRC,Electrical Compo&Equip,4,21,13.0,COLLAPSED,False,-0.10436171628876967
2026-02-23,TPL,Oil&Gas,9,1,-7.0,STRONG,True,0.005409214711540322
2026-02-23,VRT,Machinery-Constr&Mining,3,1,0.0,STRONG,True,-0.012459977626046448
2026-02-24,CIEN,Telecommunications,7,4,1.0,STRONG,True,0.4346140995656531
2026-02-24,GNRC,Electrical Compo&Equip,3,21,13.0,COLLAPSED,False,-0.07170430847051512
2026-02-24,TPL,Oil&Gas,8,1,-7.0,STRONG,True,0.019484600879949854
2026-02-24,VRT,Machinery-Constr&Mining,2,1,0.0,STRONG,True,0.04497936195656349
2026-02-25,GLW,Telecommunications,6,4,1.0,STRONG,True,0.08616594923556464
2026-02-25,GNRC,Electrical Compo&Equip,2,21,13.0,COLLAPSED,False,-0.0896747570661579
2026-02-25,GRMN,Electronics,5,14,4.0,WEAKENING,False,-0.02547973564774264
2026-02-25,KEYS,Electronics,9,28,5.0,COLLAPSED,True,0.02654619317783835
2026-02-25,TPL,Oil&Gas,7,1,-7.0,STRONG,True,0.010151800849475423
2026-02-25,VRT,Machinery-Constr&Mining,1,1,0.0,STRONG,True,0.06530879913590248
2026-02-26,AXON,Miscellaneous Manufactur,9,25,7.0,COLLAPSED,False,-0.12966362037985213
2026-02-27,TPL,Oil&Gas,5,1,-7.0,STRONG,True,-0.02529379273565313
2026-03-02,AXON,Miscellaneous Manufactur,7,25,7.0,COLLAPSED,False,-0.19804084471665673
2026-03-02,TPL,Oil&Gas,4,1,-7.0,STRONG,True,-0.10982229586880743
2026-03-03,AXON,Miscellaneous Manufactur,6,25,7.0,COLLAPSED,False,-0.17945398690032277
2026-03-03,TPL,Oil&Gas,3,1,-7.0,STRONG,True,-0.09612784031388677
2026-03-04,TPL,Oil&Gas,2,1,-7.0,STRONG,True,-0.1634763727786983
2026-03-04,XYZ,Commercial Services,7,11,3.0,WEAKENING,False,-0.004181301220939959
2026-03-05,INTU,Software,10,8,2.0,STRONG,False,-0.07196204199982426
2026-03-05,XYZ,Commercial Services,6,11,3.0,WEAKENING,False,-0.00016725204883760725
2026-03-06,INTU,Software,9,8,2.0,STRONG,False,-0.08320885686670765
2026-03-06,NOW,Software,8,6,-4.0,STRONG,False,-0.09928766159528624
2026-03-06,XYZ,Commercial Services,5,11,3.0,WEAKENING,False,0.014885432346546157
2026-03-09,DDOG,Software,9,3,-1.0,STRONG,False,-0.06827630316597366
2026-03-09,INTU,Software,8,8,2.0,STRONG,False,-0.09884895879096744
2026-03-09,XYZ,Commercial Services,4,11,3.0,WEAKENING,False,0.0030105368790767084
2026-03-10,DDOG,Software,8,3,-1.0,STRONG,False,-0.06859609849696191
2026-03-10,INTU,Software,7,8,2.0,STRONG,False,-0.14438537914067306
2026-03-10,PLTR,Software,6,6,-4.0,STRONG,True,-0.07861491130457565
2026-03-10,XYZ,Commercial Services,3,11,3.0,WEAKENING,False,0.05084462284662994
2026-03-11,APA,Oil&Gas,19,3,2.0,STRONG,False,0.005677419354838786
2026-03-11,DDOG,Software,7,3,-1.0,STRONG,False,-0.1287176207227374
2026-03-11,INTU,Software,6,8,2.0,STRONG,False,-0.20549600210877783
2026-03-11,MPC,Oil&Gas,15,1,0.0,STRONG,False,-0.061471279811891155
2026-03-11,VLO,Oil&Gas,10,1,0.0,STRONG,True,0.002387652426025344
2026-03-12,APA,Oil&Gas,18,3,2.0,STRONG,False,-0.0030967741935483684
2026-03-12,CF,Chemicals,10,16,2.0,WEAKENING,True,-0.08479179239589629
2026-03-12,DOW,Chemicals,18,10,0.0,STRONG,False,-0.006873727087576498
2026-03-12,LYB,Chemicals,10,16,2.0,WEAKENING,True,-0.051466803911477066
2026-03-12,MOS,Chemicals,2,15,-3.0,WEAKENING,True,-0.1051680520419227
2026-03-12,MPC,Oil&Gas,14,1,0.0,STRONG,False,-0.0652502519314746
2026-03-12,PSX,Oil&Gas,14,1,0.0,STRONG,False,-0.09331587337736269
2026-03-12,VLO,Oil&Gas,9,1,0.0,STRONG,True,0.018248486398908526
2026-03-13,APA,Oil&Gas,17,3,2.0,STRONG,False,0.019096774193548383
2026-03-13,MPC,Oil&Gas,13,1,0.0,STRONG,False,-0.05403930131004364
2026-03-13,PANW,Internet,5,5,0.0,STRONG,True,-0.0027002147898128603
2026-03-13,PSX,Oil&Gas,13,1,0.0,STRONG,False,-0.08676838988840796
2026-03-13,VLO,Oil&Gas,8,1,0.0,STRONG,True,0.0321480344504137
2026-03-16,APA,Oil&Gas,16,3,2.0,STRONG,False,-0.0443870967741935
2026-03-16,DDOG,Software,4,3,-1.0,STRONG,False,-0.11600575631595778
2026-03-16,MPC,Oil&Gas,12,1,0.0,STRONG,False,-0.05974974806852529
2026-03-16,PANW,Internet,4,5,0.0,STRONG,True,-0.008346118441239558
2026-03-17,APA,Oil&Gas,15,3,2.0,STRONG,False,-0.05548387096774188
2026-03-17,DDOG,Software,3,3,-1.0,STRONG,False,-0.032139430764310806
2026-03-17,EXPE,Internet,2,3,-10.0,STRONG,False,0.07531013742116044
2026-03-17,STX,Computers,7,5,0.0,STRONG,True,0.37173631827661757
2026-03-17,WDC,Computers,7,5,0.0,STRONG,True,0.33528443387598306
2026-03-18,APA,Oil&Gas,14,3,2.0,STRONG,False,-0.021935483870967776
2026-03-18,DDOG,Software,2,3,-1.0,STRONG,False,-0.012871762072273696
2026-03-18,DVN,Oil&Gas,10,1,0.0,STRONG,False,-0.05783082938876316
2026-03-18,OXY,Oil&Gas,11,1,0.0,STRONG,False,-0.09687152612355088
2026-03-18,WDC,Computers,6,5,0.0,STRONG,True,0.3231754161331626
2026-03-19,APA,Oil&Gas,13,3,2.0,STRONG,False,-0.07767741935483863
2026-03-19,CIEN,Telecommunications,7,8,0.0,STRONG,True,0.39021917808219175
2026-03-19,LITE,Computers,20,34,-8.0,COLLAPSED,False,0.0
2026-03-19,OXY,Oil&Gas,10,1,0.0,STRONG,False,-0.14578370652691752
2026-03-19,STX,Computers,5,5,0.0,STRONG,True,0.4460519021093481
2026-03-19,WDC,Computers,5,5,0.0,STRONG,True,0.36279495152734564
2026-03-20,AKAM,Software,10,43,26.0,COLLAPSED,False,-0.14816753926701565
2026-03-20,APA,Oil&Gas,12,3,2.0,STRONG,False,-0.07174193548387098
2026-03-20,CIEN,Telecommunications,6,8,0.0,STRONG,True,0.37882191780821906
2026-03-20,LITE,Computers,19,34,-8.0,COLLAPSED,True,0.0011632198821120987
2026-03-20,OXY,Oil&Gas,9,1,0.0,STRONG,False,-0.13482610767031922
2026-03-20,STX,Computers,4,5,0.0,STRONG,True,0.4249320203806859
2026-03-20,WDC,Computers,4,5,0.0,STRONG,True,0.36861167002012074
2026-03-23,AKAM,Software,9,43,26.0,COLLAPSED,False,-0.144153577661431
2026-03-23,APA,Oil&Gas,11,3,2.0,STRONG,False,-0.029677419354838697
2026-03-23,CIEN,Telecommunications,5,8,0.0,STRONG,True,0.38610958904109594
2026-03-23,COP,Oil&Gas,7,1,0.0,STRONG,False,-0.06324972737186474
2026-03-23,DELL,Computers,11,28,22.0,COLLAPSED,True,0.14498301612120557
2026-03-23,LITE,Computers,18,34,-8.0,COLLAPSED,True,-0.0639211694833739
2026-03-23,OXY,Oil&Gas,8,1,0.0,STRONG,False,-0.10544703827219315
2026-03-23,VLO,Oil&Gas,2,1,0.0,STRONG,True,-0.004903214803445022
2026-03-23,WDC,Computers,3,5,0.0,STRONG,True,0.4040973111395645
2026-03-24,APA,Oil&Gas,10,3,2.0,STRONG,False,-0.017806451612903174
2026-03-24,CIEN,Telecommunications,4,8,0.0,STRONG,True,0.3670410958904111
2026-03-24,COP,Oil&Gas,6,1,0.0,STRONG,False,-0.04502258918834712
2026-03-24,DELL,Computers,10,28,22.0,COLLAPSED,True,0.1573300264193671
2026-03-24,DVN,Oil&Gas,6,1,0.0,STRONG,False,-0.03025313850586553
2026-03-24,LITE,Computers,17,34,-8.0,COLLAPSED,True,-0.02289529902580334
2026-03-24,MPC,Oil&Gas,6,1,0.0,STRONG,False,-0.06755962378233127
2026-03-24,OXY,Oil&Gas,7,1,0.0,STRONG,False,-0.09401302207400353
2026-03-25,AKAM,Software,7,43,26.0,COLLAPSED,False,-0.1607329842931936
2026-03-25,APA,Oil&Gas,9,3,2.0,STRONG,False,-0.0023225806451613318
2026-03-25,CIEN,Telecommunications,3,8,0.0,STRONG,True,0.4132876712328768
2026-03-25,DELL,Computers,9,28,22.0,COLLAPSED,True,0.14379684045937347
2026-03-25,HPE,Computers,9,28,22.0,COLLAPSED,True,0.11809447558046426
2026-03-25,LITE,Computers,16,34,-8.0,COLLAPSED,True,-0.052769917344279604
2026-03-25,OXY,Oil&Gas,6,1,0.0,STRONG,False,-0.08162617119263138
2026-03-26,APA,Oil&Gas,8,3,2.0,STRONG,False,-0.026322580645161353
2026-03-26,BKR,Oil&Gas Services,4,2,-5.0,STRONG,False,0.14252568776930707
2026-03-26,CIEN,Telecommunications,2,8,0.0,STRONG,True,0.4268493150684931
2026-03-26,DELL,Computers,8,28,22.0,COLLAPSED,True,0.16509408529681346
2026-03-26,FANG,Oil&Gas,4,1,0.0,STRONG,False,0.021875983632357432
2026-03-26,HPE,Computers,8,28,22.0,COLLAPSED,True,0.12730184147317858
2026-03-26,LITE,Computers,15,34,-8.0,COLLAPSED,True,-0.013902714552551876
2026-03-26,SLB,Oil&Gas Services,5,5,1.0,STRONG,False,0.13572006472491904
2026-03-27,ALB,Chemicals,6,9,3.0,STRONG,True,0.14983000057626916
2026-03-27,APA,Oil&Gas,7,3,2.0,STRONG,False,-0.008258064516129093
2026-03-27,BKR,Oil&Gas Services,3,2,-5.0,STRONG,False,0.13324494530991027
2026-03-27,CIEN,Telecommunications,1,8,0.0,STRONG,True,0.38723287671232876
2026-03-27,DELL,Computers,7,28,22.0,COLLAPSED,True,0.1644470803903597
2026-03-27,DVN,Oil&Gas,3,1,0.0,STRONG,False,-0.008026342868903025
2026-03-27,HAL,Oil&Gas Services,3,2,-5.0,STRONG,False,0.056052631578947354
2026-03-27,LITE,Computers,14,34,-8.0,COLLAPSED,True,-0.03846454975561209
2026-03-27,OXY,Oil&Gas,4,1,0.0,STRONG,False,-0.09051929490233435
2026-03-27,SLB,Oil&Gas Services,4,5,1.0,STRONG,False,0.11711165048543681
2026-03-30,APA,Oil&Gas,6,3,2.0,STRONG,False,-0.002580645161290307
2026-03-30,BKR,Oil&Gas Services,2,2,-5.0,STRONG,True,0.12147828969174679
2026-03-30,CF,Chemicals,2,4,-8.0,STRONG,True,-0.044303797468354444
2026-03-30,DOW,Chemicals,6,10,0.0,STRONG,False,-0.032331975560081494
2026-03-30,DVN,Oil&Gas,2,1,0.0,STRONG,True,0.01831652603416334
2026-03-30,EOG,Oil&Gas,2,1,0.0,STRONG,False,-0.03304372596496219
2026-03-30,HAL,Oil&Gas Services,2,2,-5.0,STRONG,True,0.07394736842105276
2026-03-30,LYB,Chemicals,2,4,-8.0,STRONG,True,-0.06817885542953972
2026-03-30,OXY,Oil&Gas,3,1,0.0,STRONG,False,-0.06923932031125934
2026-03-30,SLB,Oil&Gas Services,3,5,1.0,STRONG,True,0.12560679611650483
2026-03-31,APA,Oil&Gas,5,3,2.0,STRONG,True,0.040516129032257986
2026-03-31,DOW,Chemicals,5,10,0.0,STRONG,False,0.006873727087576276
2026-03-31,HAL,Oil&Gas Services,1,2,-5.0,STRONG,True,0.10026315789473683
2026-03-31,HPE,Computers,5,28,22.0,COLLAPSED,True,0.13290632506004796
2026-03-31,LITE,Computers,12,34,-8.0,COLLAPSED,True,-0.03998568344760478
2026-03-31,LYB,Chemicals,1,4,-8.0,STRONG,True,-0.04458349628470848
2026-03-31,OXY,Oil&Gas,2,1,0.0,STRONG,True,-0.03509607749722088
2026-03-31,SLB,Oil&Gas Services,2,5,1.0,STRONG,True,0.12661812297734643
2026-04-01,APA,Oil&Gas,4,3,2.0,STRONG,True,0.05109677419354841
2026-04-01,SLB,Oil&Gas Services,1,5,1.0,STRONG,True,0.15048543689320404
2026-04-02,ETR,Electric,6,34,23.0,COLLAPSED,False,0.009537847914679709
2026-04-06,INTC,Semiconductors,13,1,0.0,STRONG,True,0.434261755016472
2026-04-07,DOW,Chemicals,1,10,0.0,STRONG,True,0.038696537678207577
2026-04-07,GLW,Telecommunications,8,10,-3.0,STRONG,False,-0.013870300523178059
2026-04-07,INTC,Semiconductors,12,1,0.0,STRONG,True,0.6194968553459119
2026-04-07,SATS,Telecommunications,2,9,-6.0,STRONG,True,-0.022899492047630976
2026-04-08,INTC,Semiconductors,11,1,0.0,STRONG,True,0.6922731356693621
2026-04-08,MPWR,Semiconductors,17,1,0.0,STRONG,False,0.043492813297294486
2026-04-09,GLW,Telecommunications,6,10,-3.0,STRONG,False,0.10962404185424024
2026-04-09,INTC,Semiconductors,10,1,0.0,STRONG,True,0.6415094339622642
2026-04-09,MPWR,Semiconductors,16,1,0.0,STRONG,False,-0.004749033773713607
2026-04-10,COHR,Electronics,10,7,3.0,STRONG,False,-0.0024695766015054854
2026-04-10,INTC,Semiconductors,9,1,0.0,STRONG,True,0.8706199460916442
2026-04-10,LRCX,Semiconductors,8,1,0.0,STRONG,True,0.107324421012992
2026-04-10,MPWR,Semiconductors,15,1,0.0,STRONG,False,0.0109631949882536
2026-04-13,AVGO,Semiconductors,11,1,0.0,STRONG,False,0.07153040042017866
2026-04-13,COHR,Electronics,9,7,3.0,STRONG,True,0.12972715641643617
2026-04-13,INTC,Semiconductors,8,1,0.0,STRONG,True,0.9383048817011082
2026-04-13,LRCX,Semiconductors,7,1,0.0,STRONG,True,0.11485595932969317
2026-04-13,MPWR,Semiconductors,14,1,0.0,STRONG,False,0.04901861722282552
2026-04-14,COHR,Electronics,8,7,3.0,STRONG,True,0.11282692136034989
2026-04-14,INTC,Semiconductors,7,1,0.0,STRONG,True,0.8060796645702306
2026-04-14,LRCX,Semiconductors,6,1,0.0,STRONG,True,0.08921107136132544
2026-04-14,MPWR,Semiconductors,13,1,0.0,STRONG,False,0.01012958799605923
2026-04-14,VRT,Machinery-Constr&Mining,6,3,1.0,STRONG,True,0.20315265124205295
2026-04-15,AVGO,Semiconductors,9,1,0.0,STRONG,False,0.042418027661756286
2026-04-15,COHR,Electronics,7,7,3.0,STRONG,True,0.20119610818530753
2026-04-15,HOOD,Internet,9,6,-3.0,STRONG,False,-0.06482271231875225
2026-04-15,INTC,Semiconductors,6,1,0.0,STRONG,True,0.8012878107217731
2026-04-16,ANET,Telecommunications,8,10,7.0,STRONG,True,-0.1057535241091414
2026-04-16,AVGO,Semiconductors,8,1,0.0,STRONG,False,0.09994247555210967
2026-04-16,COHR,Electronics,6,7,3.0,STRONG,True,0.20485584218512898
2026-04-16,INTC,Semiconductors,5,1,0.0,STRONG,True,0.735998802036538
2026-04-16,MPWR,Semiconductors,11,1,0.0,STRONG,False,0.019255058478793607
2026-04-16,ON,Semiconductors,15,1,0.0,STRONG,True,0.1765232084285857
2026-04-17,ANET,Telecommunications,7,10,7.0,STRONG,True,-0.1410853651158569
2026-04-17,AVGO,Semiconductors,7,1,0.0,STRONG,False,0.06342695645649399
2026-04-17,COHR,Electronics,5,7,3.0,STRONG,True,0.13793924246481604
2026-04-17,HOOD,Internet,7,6,-3.0,STRONG,True,-0.060070671378091745
2026-04-17,INTC,Semiconductors,4,1,0.0,STRONG,True,0.6287810721772984
2026-04-17,MPWR,Semiconductors,10,1,0.0,STRONG,False,-0.021130674211230938
2026-04-17,ON,Semiconductors,14,1,0.0,STRONG,True,0.12424212304939863
2026-04-20,ANET,Telecommunications,6,10,7.0,STRONG,True,-0.1426583580373887
2026-04-20,AVGO,Semiconductors,6,1,0.0,STRONG,False,0.05222219443263376
2026-04-20,COHR,Electronics,4,7,3.0,STRONG,True,0.0795620220774198
2026-04-20,HOOD,Internet,6,6,-3.0,STRONG,True,-0.059948824174484994
2026-04-20,INTC,Semiconductors,3,1,0.0,STRONG,True,0.6197963462114406
2026-04-20,MPWR,Semiconductors,9,1,0.0,STRONG,False,-0.06135221158461113
2026-04-20,ON,Semiconductors,13,1,0.0,STRONG,True,0.08766524202365567
2026-04-21,ANET,Telecommunications,5,10,7.0,STRONG,True,-0.1434448544981547
2026-04-21,COHR,Electronics,3,7,3.0,STRONG,True,0.05218840191615337
2026-04-21,INTC,Semiconductors,2,1,0.0,STRONG,True,0.6591793950284515
2026-04-21,MPWR,Semiconductors,8,1,0.0,STRONG,False,-0.07285851415868849
2026-04-21,ON,Semiconductors,12,1,0.0,STRONG,True,0.05377199085577966
2026-04-22,ANET,Telecommunications,4,10,7.0,STRONG,True,-0.15003932482303817
2026-04-22,APP,Internet,4,6,-3.0,STRONG,True,0.07404850455426137
2026-04-22,COHR,Electronics,2,7,3.0,STRONG,True,0.06667856824064988
2026-04-22,HOOD,Internet,4,6,-3.0,STRONG,True,-0.07688558547581315
2026-04-22,ON,Semiconductors,11,1,0.0,STRONG,True,0.09541795050193813
2026-04-22,SMCI,Computers,3,18,-8.0,WEAKENING,True,0.20143626570915618
2026-04-23,APP,Internet,3,6,-3.0,STRONG,True,0.08208805647729545
2026-04-23,MCHP,Semiconductors,14,1,0.0,STRONG,False,-0.05790507703443282
2026-04-23,MPWR,Semiconductors,6,1,0.0,STRONG,False,-0.014038699573092228
2026-04-23,ON,Semiconductors,10,1,0.0,STRONG,True,0.08945432859556712
2026-04-23,TXN,Semiconductors,10,1,0.0,STRONG,True,0.04610152853737204
2026-04-24,AMD,Semiconductors,20,2,0.0,STRONG,False,0.0
2026-04-24,INTC,Semiconductors,17,2,1.0,STRONG,True,0.08158844765342965
2026-04-24,MCHP,Semiconductors,13,1,0.0,STRONG,False,-0.033915830834453375
2026-04-24,ON,Semiconductors,9,1,0.0,STRONG,True,0.15495477586721007
2026-04-24,TXN,Semiconductors,9,1,0.0,STRONG,True,0.08403449726546053
2026-04-27,AMD,Semiconductors,19,2,0.0,STRONG,True,0.07781651729374772
2026-04-27,HOOD,Internet,1,6,-3.0,STRONG,True,-0.09723406847812832
2026-04-27,INTC,Semiconductors,16,2,1.0,STRONG,True,0.11480144404332138
2026-04-27,MCHP,Semiconductors,12,1,0.0,STRONG,False,0.01385585771895359
2026-04-27,MU,Semiconductors,19,2,0.0,STRONG,True,0.19291611185086555
2026-04-27,ON,Semiconductors,8,1,0.0,STRONG,True,0.26229997018189044
2026-04-27,TXN,Semiconductors,8,1,0.0,STRONG,True,0.13900574954424338
2026-04-28,AMD,Semiconductors,18,2,0.0,STRONG,True,0.05995593677140598
2026-04-28,INTC,Semiconductors,15,2,1.0,STRONG,True,0.09900722021660657
2026-04-28,ON,Semiconductors,7,1,0.0,STRONG,True,0.24132789981115188
2026-04-28,TXN,Semiconductors,7,1,0.0,STRONG,True,0.11292245126910672
2026-04-29,AMD,Semiconductors,17,2,0.0,STRONG,True,0.10819019914012551
2026-04-29,GNRC,Electrical Compo&Equip,10,12,7.0,WEAKENING,False,0.045650140318054255
2026-04-29,INTC,Semiconductors,14,2,1.0,STRONG,True,0.09106498194945845
2026-04-29,NXPI,Semiconductors,10,1,0.0,STRONG,True,0.10679936999430306
2026-04-29,ON,Semiconductors,6,1,0.0,STRONG,True,0.2301958055859259
2026-04-29,TXN,Semiconductors,6,1,0.0,STRONG,True,0.10766372177815176
2026-04-30,AMD,Semiconductors,16,2,0.0,STRONG,True,0.10393360569827381
2026-04-30,GNRC,Electrical Compo&Equip,9,12,7.0,WEAKENING,False,0.03988774555659513
2026-04-30,INTC,Semiconductors,13,2,1.0,STRONG,True,0.0350180505415163
2026-04-30,NXPI,Semiconductors,9,1,0.0,STRONG,True,0.07687409939345202
2026-04-30,ON,Semiconductors,5,1,0.0,STRONG,True,0.19888679057747738
2026-04-30,QCOM,Semiconductors,13,2,1.0,STRONG,True,0.2832677265988446
2026-04-30,STX,Computers,12,7,5.0,STRONG,False,0.18757086550402224
2026-04-30,TXN,Semiconductors,5,1,0.0,STRONG,True,0.07165895386341337
2026-05-01,AMD,Semiconductors,15,2,0.0,STRONG,True,
2026-05-01,GNRC,Electrical Compo&Equip,8,12,7.0,WEAKENING,False,
2026-05-01,INTC,Semiconductors,12,2,1.0,STRONG,True,
2026-05-01,NXPI,Semiconductors,8,1,0.0,STRONG,True,
2026-05-01,ON,Semiconductors,4,1,0.0,STRONG,True,
2026-05-01,QCOM,Semiconductors,12,2,1.0,STRONG,True,
2026-05-01,STX,Computers,11,7,5.0,STRONG,False,
2026-05-01,TXN,Semiconductors,4,1,0.0,STRONG,True,
2026-05-04,AMD,Semiconductors,14,2,0.0,STRONG,True,0.09116382537271939
2026-05-04,INTC,Semiconductors,11,2,1.0,STRONG,True,-0.0132671480144404
2026-05-04,MU,Semiconductors,14,2,0.0,STRONG,True,0.37882822902796276
2026-05-04,NXPI,Semiconductors,7,1,0.0,STRONG,True,0.04346369089507718
2026-05-04,ON,Semiconductors,3,1,0.0,STRONG,True,0.201868601530663
2026-05-04,QCOM,Semiconductors,11,2,1.0,STRONG,True,0.17064567251163032
2026-05-04,STX,Computers,10,7,5.0,STRONG,True,0.243534366394903
2026-05-04,TXN,Semiconductors,3,1,0.0,STRONG,True,0.0279063244986677
2026-05-05,AMD,Semiconductors,13,2,0.0,STRONG,True,0.11556972043378755
2026-05-05,GNRC,Electrical Compo&Equip,6,12,7.0,WEAKENING,False,0.06484565014031807
2026-05-05,INTC,Semiconductors,10,2,1.0,STRONG,True,-0.0259025270758122
2026-05-05,MCHP,Semiconductors,6,1,0.0,STRONG,False,0.0025850480818943034
2026-05-05,MU,Semiconductors,13,2,0.0,STRONG,True,0.4169107856191743
2026-05-05,NXPI,Semiconductors,6,1,0.0,STRONG,True,0.08448108307362356
2026-05-05,QCOM,Semiconductors,10,2,1.0,STRONG,True,0.2312253974745666
2026-05-05,STX,Computers,9,7,5.0,STRONG,True,0.2507558987095728
2026-05-06,AMD,Semiconductors,12,2,0.0,STRONG,True,0.1604457658659708
2026-05-06,INTC,Semiconductors,9,2,1.0,STRONG,True,0.017238267148014463
2026-05-06,MU,Semiconductors,12,2,0.0,STRONG,True,0.43750998668442076
2026-05-06,NXPI,Semiconductors,5,1,0.0,STRONG,True,0.0786501792835359
2026-05-06,QCOM,Semiconductors,9,2,1.0,STRONG,True,0.27810439139103305
2026-05-06,STX,Computers,8,7,5.0,STRONG,True,0.2697613519788349
2026-05-07,AMD,Semiconductors,11,2,0.0,STRONG,True,0.11912044662146282
2026-05-07,CNC,Healthcare-Services,4,9,-6.0,STRONG,True,0.06614521339908186
2026-05-07,DDOG,Software,14,26,4.0,COLLAPSED,True,0.08151305274373999
2026-05-07,DVA,Healthcare-Services,9,16,7.0,WEAKENING,False,-0.023873622187230215
2026-05-07,FTNT,Computers,14,2,-2.0,STRONG,True,0.15397070161912096
2026-05-07,INTC,Semiconductors,8,2,1.0,STRONG,True,0.008844765342960415
2026-05-07,MU,Semiconductors,11,2,0.0,STRONG,True,0.32623169107856187
2026-05-07,QCOM,Semiconductors,8,2,1.0,STRONG,True,0.2400695260978476
2026-05-07,SMCI,Computers,9,4,2.0,STRONG,True,0.40167364016736395
2026-05-07,STX,Computers,7,7,5.0,STRONG,True,0.24991901085254575
2026-05-08,AKAM,Software,10,19,3.0,WEAKENING,False,0.014195476465394208
2026-05-08,AMD,Semiconductors,10,2,0.0,STRONG,True,-0.0024170605976342463
2026-05-08,CNC,Healthcare-Services,3,9,-6.0,STRONG,True,0.05985376636626416
2026-05-08,DDOG,Software,13,26,4.0,COLLAPSED,True,0.03938021665778724
2026-05-08,DVA,Healthcare-Services,8,16,7.0,WEAKENING,False,-0.023924417128054043
2026-05-08,FTNT,Computers,13,2,-2.0,STRONG,True,0.11549730146491921
2026-05-08,INTC,Semiconductors,7,2,1.0,STRONG,True,-0.10496389891696745
2026-05-08,MU,Semiconductors,10,2,0.0,STRONG,True,0.15047936085219704
2026-05-08,QCOM,Semiconductors,7,2,1.0,STRONG,True,0.1039312918562445
2026-05-08,STX,Computers,6,7,5.0,STRONG,True,0.14393121321742885
2026-05-11,AMD,Semiconductors,9,2,0.0,STRONG,True,
2026-05-11,FTNT,Computers,12,2,-2.0,STRONG,True,
2026-05-11,INTC,Semiconductors,6,2,1.0,STRONG,True,
2026-05-11,MU,Semiconductors,9,2,0.0,STRONG,True,
2026-05-11,QCOM,Semiconductors,6,2,1.0,STRONG,True,
2026-05-11,STX,Computers,5,7,5.0,STRONG,True,
2026-05-12,AMD,Semiconductors,8,2,0.0,STRONG,True,0.04881179012213632
2026-05-12,DVA,Healthcare-Services,6,16,7.0,WEAKENING,False,-0.024330776654645114
2026-05-12,FTNT,Computers,11,2,-2.0,STRONG,True,0.10285273708558207
2026-05-12,INTC,Semiconductors,5,2,1.0,STRONG,True,-0.004783393501805011
2026-05-12,MU,Semiconductors,8,2,0.0,STRONG,True,0.26402130492676434
2026-05-12,QCOM,Semiconductors,5,2,1.0,STRONG,True,0.11328664178722958
2026-05-12,STX,Computers,4,7,5.0,STRONG,True,0.18348091355758323
2026-05-13,AMD,Semiconductors,7,2,0.0,STRONG,True,0.017090543517785717
2026-05-13,DVA,Healthcare-Services,5,16,7.0,WEAKENING,False,0.006704932188754009
2026-05-13,FTNT,Computers,10,2,-2.0,STRONG,True,0.06700077101002311
2026-05-13,MU,Semiconductors,7,2,0.0,STRONG,True,0.24619174434087876
2026-05-13,QCOM,Semiconductors,4,2,1.0,STRONG,True,0.05015081028577262
2026-05-13,STX,Computers,3,7,5.0,STRONG,True,0.14196047729604233
2026-05-14,AMD,Semiconductors,6,2,0.0,STRONG,True,-0.03232016427456097
2026-05-14,CRWD,Computers,15,1,0.0,STRONG,False,-0.09922262860003617
2026-05-14,FTNT,Computers,9,2,-2.0,STRONG,True,0.07077872012336162
2026-05-14,MU,Semiconductors,6,2,0.0,STRONG,True,0.18758988015978684
2026-05-15,CRWD,Computers,14,1,0.0,STRONG,False,-0.03832621785868262
2026-05-15,FTNT,Computers,8,2,-2.0,STRONG,True,0.11842713955281425
2026-05-15,MU,Semiconductors,5,2,0.0,STRONG,True,0.3260585885486018
2026-05-18,AMD,Semiconductors,4,2,0.0,STRONG,True,0.09424397339094348
2026-05-18,CRWD,Computers,13,1,0.0,STRONG,False,-0.050466561904629614
2026-05-18,FTNT,Computers,7,2,-2.0,STRONG,True,0.12798766383963
2026-05-19,CRWD,Computers,12,1,0.0,STRONG,False,
2026-05-19,CSCO,Telecommunications,7,20,10.0,WEAKENING,True,
2026-05-19,FTNT,Computers,6,2,-2.0,STRONG,True,
2026-05-20,CRWD,Computers,11,1,0.0,STRONG,False,-0.036407125672725305
2026-05-20,FTNT,Computers,5,2,-2.0,STRONG,True,0.15258288357748673
2026-05-21,CRWD,Computers,10,1,0.0,STRONG,False,-0.05506960185790377
2026-05-21,CSCO,Telecommunications,5,20,10.0,WEAKENING,True,-0.0070586281348613555
2026-05-21,FTNT,Computers,4,2,-2.0,STRONG,True,0.13353893600616829
2026-05-21,GEN,Internet,4,10,-9.0,STRONG,True,0.0008146639511201759
2026-05-21,HUM,Healthcare-Services,3,15,1.0,WEAKENING,True,0.2064191726254614
2026-05-21,MU,Semiconductors,1,2,0.0,STRONG,True,0.3592010652463382
2026-05-21,PANW,Internet,10,25,4.0,COLLAPSED,True,0.0023276633840643157
2026-05-22,CRWD,Computers,9,1,0.0,STRONG,False,-0.05024405846277935
2026-05-22,CSCO,Telecommunications,4,20,10.0,WEAKENING,True,-0.025660189337319395
2026-05-22,FTNT,Computers,3,2,-2.0,STRONG,True,0.11133384734001539
2026-05-22,HPE,Computers,18,4,-2.0,STRONG,False,-0.01672786617707056
2026-05-22,NTAP,Computers,16,4,,STRONG,False,-0.04207660417053405
2026-05-22,SWKS,Semiconductors,6,3,1.0,STRONG,False,-0.08093787256590279
2026-05-26,CRWD,Computers,8,1,0.0,STRONG,False,-0.047601830090809205
2026-05-26,CSCO,Telecommunications,3,20,10.0,WEAKENING,True,-0.007307756186679892
2026-05-26,DELL,Computers,15,4,,STRONG,False,0.03521500619359408
2026-05-26,HPE,Computers,17,4,-2.0,STRONG,False,-0.032843737250102145
2026-05-26,NTAP,Computers,15,4,,STRONG,False,-0.011756698224119844
2026-05-26,ON,Semiconductors,2,3,2.0,STRONG,True,-0.017370929950714986
2026-05-26,SWKS,Semiconductors,5,3,1.0,STRONG,False,-0.040270234468141375
2026-05-27,DELL,Computers,14,4,,STRONG,False,0.05849786384205058
2026-05-27,F,Auto Manufacturers,10,10,5.0,STRONG,False,-0.05933333333333335
2026-05-27,HPE,Computers,16,4,-2.0,STRONG,False,-0.01264789881680961
2026-05-27,HPQ,Computers,10,1,0.0,STRONG,False,-0.07249802994483845
2026-05-27,MU,Semiconductors,11,39,37.0,COLLAPSED,True,0.2943615168449285
2026-05-27,NTAP,Computers,14,4,,STRONG,False,-0.020419528494523886
2026-05-27,ON,Semiconductors,1,3,2.0,STRONG,True,0.0628585279146805
2026-05-28,APP,Internet,10,33,0.0,COLLAPSED,False,-0.10333307733661024
2026-05-28,DELL,Computers,13,4,,STRONG,False,0.08142680183027018
2026-05-28,F,Auto Manufacturers,9,10,5.0,STRONG,False,-0.06666666666666665
2026-05-28,IBM,Computers,12,7,6.0,STRONG,False,-0.03605603056212492
2026-05-28,SMCI,Computers,11,20,19.0,WEAKENING,False,0.138366928595832
2026-05-29,DELL,Computers,12,4,,STRONG,True,0.09730262658947852
2026-05-29,HPQ,Computers,8,1,0.0,STRONG,False,-0.08234830575256102
2026-05-29,IBM,Computers,11,7,6.0,STRONG,False,-0.043259959978170115
2026-05-29,NOW,Software,9,31,19.0,COLLAPSED,False,-0.1231186313919791
2026-05-29,NTAP,Computers,12,4,,STRONG,False,-0.03743580223996046
2026-05-29,SMCI,Computers,10,20,19.0,WEAKENING,False,0.10864366245302359
2026-06-01,DELL,Computers,10,4,,STRONG,True,0.009909750486639668
2026-06-01,HPE,Computers,12,4,-2.0,STRONG,False,-0.10832313341493272
2026-06-01,HPQ,Computers,6,1,0.0,STRONG,False,-0.0985027580772262
2026-06-01,IBM,Computers,9,7,6.0,STRONG,False,-0.011715481171548192
2026-06-01,MGM,Lodging,12,6,1.0,STRONG,False,0.011723570547099937
2026-06-01,MU,Semiconductors,7,39,37.0,COLLAPSED,True,0.2098964621910695
2026-06-01,NOW,Software,7,31,19.0,COLLAPSED,False,-0.08067682527811537
2026-06-01,NTAP,Computers,10,4,,STRONG,False,-0.05667966091207244
2026-06-01,SMCI,Computers,8,20,19.0,WEAKENING,False,0.04646395626921751
2026-06-02,DELL,Computers,9,4,,STRONG,True,
2026-06-02,HPE,Computers,11,4,-2.0,STRONG,False,
2026-06-02,IBM,Computers,8,7,6.0,STRONG,False,
2026-06-02,MU,Semiconductors,6,39,37.0,COLLAPSED,True,
2026-06-02,NTAP,Computers,9,4,,STRONG,False,
2026-06-02,ORCL,Software,6,31,19.0,COLLAPSED,False,
2026-06-02,SMCI,Computers,7,20,19.0,WEAKENING,False,
2026-06-03,DELL,Computers,8,4,,STRONG,True,0.09072983289936043
2026-06-03,HPE,Computers,10,4,-2.0,STRONG,False,-0.07976336189310496
2026-06-03,IBM,Computers,7,7,6.0,STRONG,False,0.023139894487902435
2026-06-03,MGM,Lodging,10,6,1.0,STRONG,False,-0.016659810777457706
2026-06-03,MU,Semiconductors,5,39,37.0,COLLAPSED,True,0.23336075820876379
2026-06-03,NTAP,Computers,8,4,,STRONG,False,-0.04238599096590567
2026-06-03,SMCI,Computers,6,20,19.0,WEAKENING,False,0.0020498804236419588
