,conid,candidate_date,ticker,A,B,C,D,E,F
0,10291,2025-07-09,NKE,True,True,False,True,True,True
1,11520,2025-07-09,RCL,True,True,True,True,False,True
2,16454492,2025-07-09,WYNN,True,True,False,False,False,False
3,32602412,2025-07-09,LVS,True,True,False,True,False,False
4,9282,2025-07-10,LUV,True,False,True,False,False,False
5,10291,2025-07-10,NKE,True,True,False,True,True,True
6,11520,2025-07-10,RCL,True,True,True,True,False,True
7,16454492,2025-07-10,WYNN,True,True,False,False,False,False
8,79498203,2025-07-10,UAL,True,True,True,True,False,True
9,120643512,2025-07-10,NCLH,True,False,True,True,False,False
10,9282,2025-07-11,LUV,True,False,True,False,False,False
11,10291,2025-07-11,NKE,True,True,False,True,True,True
12,16454492,2025-07-11,WYNN,True,True,False,False,False,False
13,44001820,2025-07-11,DAL,True,True,True,True,False,True
14,120643512,2025-07-11,NCLH,True,False,True,True,False,False
15,9282,2025-07-14,LUV,True,False,True,False,False,False
16,16454492,2025-07-14,WYNN,True,True,False,False,False,False
17,32602412,2025-07-14,LVS,True,True,False,True,False,False
18,44001820,2025-07-14,DAL,True,True,True,True,False,True
19,120643512,2025-07-14,NCLH,True,False,True,True,False,False
20,292491487,2025-07-14,TPR,True,True,True,True,False,True
21,9282,2025-07-15,LUV,True,False,True,False,False,False
22,8677881,2025-07-15,ON,True,True,False,False,True,False
23,16454492,2025-07-15,WYNN,True,True,False,False,False,False
24,32602412,2025-07-15,LVS,True,True,False,True,False,False
25,44001820,2025-07-15,DAL,True,True,True,True,False,True
26,120643512,2025-07-15,NCLH,True,False,True,True,False,False
27,292491487,2025-07-15,TPR,True,True,True,True,False,True
28,4391,2025-07-16,AMD,True,True,True,False,True,True
29,44001820,2025-07-16,DAL,True,True,True,True,False,True
30,292491487,2025-07-16,TPR,True,True,True,True,False,True
31,292491487,2025-07-17,TPR,True,True,True,True,False,True
32,584127832,2025-07-17,COHR,True,True,True,False,True,True
33,691984365,2025-07-17,GEV,True,True,False,True,False,False
34,292491487,2025-07-18,TPR,True,True,True,True,False,True
35,4391,2025-07-21,AMD,True,True,True,False,True,True
36,79498203,2025-07-21,UAL,True,True,True,True,False,True
37,292491487,2025-07-21,TPR,True,True,True,True,False,True
38,268627,2025-07-22,DHI,True,True,False,True,True,True
39,292491487,2025-07-22,TPR,True,True,True,True,False,True
40,292491487,2025-07-23,TPR,True,True,True,True,False,True
41,691984365,2025-07-23,GEV,True,True,False,False,False,False
42,731466408,2025-07-23,TEL,True,True,True,False,True,True
43,281316445,2025-07-24,BKR,True,True,True,True,True,True
44,691984365,2025-07-24,GEV,True,True,False,False,False,False
45,268376,2025-07-25,DECK,True,True,True,True,True,True
46,6607708,2025-07-25,FIX,True,True,True,True,True,True
47,691984365,2025-07-25,GEV,True,True,False,False,False,False
48,731466408,2025-07-25,TEL,True,True,True,False,True,True
49,6607708,2025-07-28,FIX,True,True,True,True,True,True
50,281316445,2025-07-28,BKR,True,True,True,True,True,True
51,691984365,2025-07-28,GEV,True,True,False,False,False,False
52,731466408,2025-07-28,TEL,True,True,True,False,True,True
53,6820,2025-07-29,EME,True,True,True,True,True,True
54,268376,2025-07-29,DECK,True,True,True,True,True,True
55,6607708,2025-07-29,FIX,True,True,True,True,True,True
56,281316445,2025-07-29,BKR,True,True,True,True,True,True
57,731466408,2025-07-29,TEL,True,True,True,False,True,True
58,6607708,2025-07-30,FIX,True,True,True,True,True,True
59,72529783,2025-07-30,GNRC,True,True,True,False,True,True
60,281316445,2025-07-30,BKR,True,True,True,True,True,True
61,731466408,2025-07-30,TEL,True,True,True,False,True,True
62,7655,2025-07-31,GLW,True,True,True,False,True,True
63,4347086,2025-07-31,EBAY,True,True,True,True,False,True
64,6607708,2025-07-31,FIX,True,True,True,True,True,True
65,72529783,2025-07-31,GNRC,True,True,True,False,True,True
66,691984365,2025-07-31,GEV,True,True,False,False,False,False
67,731466408,2025-07-31,TEL,True,True,True,False,True,True
68,268627,2025-08-01,DHI,True,True,False,True,True,True
69,6607708,2025-08-01,FIX,True,True,True,True,True,True
70,72529783,2025-08-01,GNRC,True,True,True,False,True,True
71,691984365,2025-08-01,GEV,True,True,False,False,False,False
72,268627,2025-08-04,DHI,True,True,False,True,True,True
73,5019164,2025-08-04,WSM,True,True,True,True,True,True
74,6607708,2025-08-04,FIX,True,True,True,True,True,True
75,72529783,2025-08-04,GNRC,True,True,True,False,True,True
76,691984365,2025-08-04,GEV,True,True,False,False,False,False
77,6607708,2025-08-05,FIX,True,True,True,True,True,True
78,691984365,2025-08-05,GEV,True,True,False,False,False,False
79,6607708,2025-08-06,FIX,True,True,True,True,True,True
80,7655,2025-08-07,GLW,True,True,True,False,True,True
81,6607708,2025-08-07,FIX,True,True,True,True,True,True
82,740948854,2025-08-07,ANET,True,True,True,True,True,True
83,7655,2025-08-08,GLW,True,True,True,False,True,True
84,4347086,2025-08-08,EBAY,True,True,True,True,False,True
85,481863646,2025-08-08,APP,True,True,True,True,False,True
86,740948854,2025-08-08,ANET,True,True,True,True,True,True
87,7655,2025-08-11,GLW,True,True,True,False,True,True
88,4347086,2025-08-11,EBAY,True,True,True,True,False,True
89,481863646,2025-08-11,APP,True,True,True,True,False,True
90,740948854,2025-08-11,ANET,True,True,True,True,True,True
91,4347086,2025-08-12,EBAY,True,True,True,True,False,True
92,481863646,2025-08-12,APP,True,True,True,True,False,True
93,740948854,2025-08-12,ANET,True,True,True,True,True,True
94,9091,2025-08-13,LEN,True,True,False,False,True,False
95,655276609,2025-08-13,CRH,True,True,True,True,True,True
96,9091,2025-08-14,LEN,True,True,False,False,True,False
97,270639,2025-08-14,INTC,True,False,False,False,True,False
98,32106121,2025-08-14,MPWR,True,True,True,True,True,True
99,98542021,2025-08-14,EXPE,True,True,True,True,False,True
100,655276609,2025-08-14,CRH,True,True,True,True,True,True
101,13272,2025-08-15,UNH,True,True,True,True,False,True
102,44001820,2025-08-15,DAL,True,True,True,True,False,True
103,79498203,2025-08-15,UAL,True,True,True,True,False,True
104,655276609,2025-08-15,CRH,True,True,True,True,True,True
105,740948854,2025-08-15,ANET,True,True,True,True,True,True
106,8251,2025-08-18,HUM,True,True,True,False,True,True
107,13272,2025-08-18,UNH,True,True,True,True,False,True
108,44001820,2025-08-18,DAL,True,True,True,True,False,True
109,79498203,2025-08-18,UAL,True,True,True,True,False,True
110,740948854,2025-08-18,ANET,True,True,True,True,True,True
111,13272,2025-08-19,UNH,True,True,True,True,False,True
112,44001820,2025-08-19,DAL,True,True,True,True,False,True
113,79498203,2025-08-19,UAL,True,True,True,True,False,True
114,98542021,2025-08-19,EXPE,True,True,True,True,False,True
115,655276609,2025-08-19,CRH,True,True,True,True,True,True
116,13272,2025-08-20,UNH,True,True,True,True,False,True
117,270639,2025-08-20,INTC,True,False,False,False,True,False
118,13878278,2025-08-20,CNC,True,True,True,False,False,False
119,8251,2025-08-21,HUM,True,True,True,False,True,True
120,13272,2025-08-21,UNH,True,True,True,True,False,True
121,13878278,2025-08-21,CNC,True,True,True,False,False,False
122,346403540,2025-08-21,CI,True,True,True,False,False,False
123,11520,2025-08-22,RCL,True,True,True,True,False,True
124,13272,2025-08-22,UNH,True,True,True,True,False,True
125,13878278,2025-08-22,CNC,True,True,True,False,False,False
126,44001820,2025-08-22,DAL,True,True,True,True,False,True
127,79498203,2025-08-22,UAL,True,True,True,True,False,True
128,13272,2025-08-25,UNH,True,True,True,True,False,True
129,13878278,2025-08-25,CNC,True,True,True,False,False,False
130,79498203,2025-08-25,UAL,True,True,True,True,False,True
131,11520,2025-08-26,RCL,True,True,True,True,False,True
132,13272,2025-08-26,UNH,True,True,True,True,False,True
133,47965865,2025-08-26,SATS,True,False,False,False,False,False
134,11520,2025-08-27,RCL,True,True,True,True,False,True
135,13272,2025-08-27,UNH,True,True,True,True,False,True
136,47965865,2025-08-27,SATS,True,False,False,False,False,False
137,11520,2025-08-28,RCL,True,True,True,True,False,True
138,13272,2025-08-28,UNH,True,True,True,True,False,True
139,16454492,2025-08-28,WYNN,True,True,False,False,False,False
140,11520,2025-08-29,RCL,True,True,True,True,False,True
141,16454492,2025-08-29,WYNN,True,True,False,False,False,False
142,474515500,2025-08-29,APA,True,True,True,True,True,True
143,13497,2025-09-02,VLO,True,True,False,False,True,False
144,16454492,2025-09-02,WYNN,True,True,False,False,False,False
145,47965865,2025-09-02,SATS,True,False,False,False,False,False
146,89495776,2025-09-02,MPC,True,True,False,False,False,False
147,201113895,2025-09-02,LITE,True,False,True,False,False,False
148,474515500,2025-09-02,APA,True,True,True,True,True,True
149,13497,2025-09-03,VLO,True,True,False,False,True,False
150,47965865,2025-09-03,SATS,True,False,False,False,False,False
151,474515500,2025-09-03,APA,True,True,True,True,True,True
152,41045553,2025-09-04,CIEN,True,True,True,False,True,True
153,47965865,2025-09-04,SATS,True,False,False,False,False,False
154,474515500,2025-09-04,APA,True,True,True,True,True,True
155,13681,2025-09-05,WDC,True,True,False,True,True,True
156,41045553,2025-09-05,CIEN,True,True,True,False,True,True
157,47965865,2025-09-05,SATS,True,False,False,False,False,False
158,201113895,2025-09-05,LITE,True,False,True,False,False,False
159,313130367,2025-09-05,AVGO,True,True,True,True,True,True
160,491932113,2025-09-05,STX,True,True,True,False,False,False
161,13681,2025-09-08,WDC,True,True,False,True,True,True
162,201113895,2025-09-08,LITE,True,False,True,False,False,False
163,313130367,2025-09-08,AVGO,True,True,True,True,True,True
164,491932113,2025-09-08,STX,True,True,True,False,False,False
165,9939,2025-09-09,MU,True,True,True,False,True,True
166,13681,2025-09-09,WDC,True,True,False,True,True,True
167,201113895,2025-09-09,LITE,True,False,True,False,False,False
168,208813719,2025-09-09,GOOGL,True,True,True,True,True,True
169,208813720,2025-09-09,GOOG,True,True,True,True,True,True
170,313130367,2025-09-09,AVGO,True,True,True,True,True,True
171,481863646,2025-09-09,APP,True,True,True,True,False,True
172,491932113,2025-09-09,STX,True,True,True,False,False,False
173,41045553,2025-09-10,CIEN,True,True,True,False,True,True
174,47965865,2025-09-10,SATS,True,False,False,False,False,False
175,208813719,2025-09-10,GOOGL,True,True,True,True,True,True
176,481863646,2025-09-10,APP,True,True,True,True,False,True
177,13878278,2025-09-11,CNC,True,True,True,False,False,False
178,41045553,2025-09-11,CIEN,True,True,True,False,True,True
179,47965865,2025-09-11,SATS,True,False,False,False,False,False
180,13681,2025-09-12,WDC,True,True,False,True,True,True
181,201113895,2025-09-12,LITE,True,False,True,False,False,False
182,41045553,2025-09-15,CIEN,True,True,True,False,True,True
183,76792991,2025-09-15,TSLA,True,True,False,False,True,False
184,9939,2025-09-16,MU,True,True,True,False,True,True
185,13681,2025-09-16,WDC,True,True,False,True,True,True
186,41045553,2025-09-16,CIEN,True,True,True,False,True,True
187,76792991,2025-09-16,TSLA,True,True,False,False,True,False
188,201113895,2025-09-16,LITE,True,False,True,False,False,False
189,491932113,2025-09-16,STX,True,True,True,False,False,False
190,732440574,2025-09-16,LRCX,True,True,True,True,True,True
191,9939,2025-09-17,MU,True,True,True,False,True,True
192,41045553,2025-09-17,CIEN,True,True,True,False,True,True
193,201113895,2025-09-17,LITE,True,False,True,False,False,False
194,491932113,2025-09-17,STX,True,True,True,False,False,False
195,732440574,2025-09-17,LRCX,True,True,True,True,True,True
196,9939,2025-09-18,MU,True,True,True,False,True,True
197,266093,2025-09-18,AMAT,True,True,True,True,True,True
198,270639,2025-09-18,INTC,True,False,False,False,True,False
199,76792991,2025-09-18,TSLA,True,True,False,False,True,False
200,201113895,2025-09-18,LITE,True,False,True,False,False,False
201,370757467,2025-09-18,CRWD,True,False,True,False,True,False
202,481863646,2025-09-18,APP,True,True,True,True,False,True
203,732440574,2025-09-18,LRCX,True,True,True,True,True,True
204,9939,2025-09-19,MU,True,True,True,False,True,True
205,270639,2025-09-19,INTC,True,False,False,False,True,False
206,76792991,2025-09-19,TSLA,True,True,False,False,True,False
207,370757467,2025-09-19,CRWD,True,False,True,False,True,False
208,481863646,2025-09-19,APP,True,True,True,True,False,True
209,504546674,2025-09-19,HOOD,True,True,True,True,False,True
210,732440574,2025-09-19,LRCX,True,True,True,True,True,True
211,9939,2025-09-22,MU,True,True,True,False,True,True
212,13681,2025-09-22,WDC,True,True,False,True,True,True
213,266093,2025-09-22,AMAT,True,True,True,True,True,True
214,270957,2025-09-22,KLAC,True,True,True,True,False,True
215,402783527,2025-09-22,VRT,True,True,True,True,False,True
216,491932113,2025-09-22,STX,True,True,True,False,False,False
217,732440574,2025-09-22,LRCX,True,True,True,True,True,True
218,9939,2025-09-23,MU,True,True,True,False,True,True
219,12729,2025-09-23,TER,True,True,True,True,True,True
220,266093,2025-09-23,AMAT,True,True,True,True,True,True
221,270639,2025-09-23,INTC,True,False,False,False,True,False
222,270957,2025-09-23,KLAC,True,True,True,True,False,True
223,491932113,2025-09-23,STX,True,True,True,False,False,False
224,732440574,2025-09-23,LRCX,True,True,True,True,True,True
225,9939,2025-09-24,MU,True,True,True,False,True,True
226,13681,2025-09-24,WDC,True,True,False,True,True,True
227,266093,2025-09-24,AMAT,True,True,True,True,True,True
228,270639,2025-09-24,INTC,True,False,False,False,True,False
229,270957,2025-09-24,KLAC,True,True,True,True,False,True
230,76792991,2025-09-24,TSLA,True,True,False,False,True,False
231,491932113,2025-09-24,STX,True,True,True,False,False,False
232,732440574,2025-09-24,LRCX,True,True,True,True,True,True
233,12729,2025-09-25,TER,True,True,True,True,True,True
234,13681,2025-09-25,WDC,True,True,False,True,True,True
235,265598,2025-09-25,AAPL,True,True,True,True,False,True
236,266093,2025-09-25,AMAT,True,True,True,True,True,True
237,270639,2025-09-25,INTC,True,False,False,False,True,False
238,76792991,2025-09-25,TSLA,True,True,False,False,True,False
239,481863646,2025-09-25,APP,True,True,True,True,False,True
240,491932113,2025-09-25,STX,True,True,True,False,False,False
241,7890,2025-09-26,HAL,True,True,False,True,True,True
242,8314,2025-09-26,IBM,True,True,True,True,False,True
243,12729,2025-09-26,TER,True,True,True,True,True,True
244,13497,2025-09-26,VLO,True,True,False,False,True,False
245,266093,2025-09-26,AMAT,True,True,True,True,True,True
246,270639,2025-09-26,INTC,True,False,False,False,True,False
247,481863646,2025-09-26,APP,True,True,True,True,False,True
248,7890,2025-09-29,HAL,True,True,False,True,True,True
249,12729,2025-09-29,TER,True,True,True,True,True,True
250,13681,2025-09-29,WDC,True,True,False,True,True,True
251,266093,2025-09-29,AMAT,True,True,True,True,True,True
252,270639,2025-09-29,INTC,True,False,False,False,True,False
253,12729,2025-09-30,TER,True,True,True,True,True,True
254,13681,2025-09-30,WDC,True,True,False,True,True,True
255,266093,2025-09-30,AMAT,True,True,True,True,True,True
256,270639,2025-09-30,INTC,True,False,False,False,True,False
257,13878278,2025-09-30,CNC,True,True,True,False,False,False
258,182880167,2025-09-30,ES,True,False,True,False,False,False
259,12729,2025-10-01,TER,True,True,True,True,True,True
260,13681,2025-10-01,WDC,True,True,False,True,True,True
261,266093,2025-10-01,AMAT,True,True,True,True,True,True
262,270639,2025-10-01,INTC,True,False,False,False,True,False
263,402783527,2025-10-01,VRT,True,True,True,True,False,True
264,491932113,2025-10-01,STX,True,True,True,False,False,False
265,731466419,2025-10-01,SMCI,True,True,True,False,True,False
266,732440574,2025-10-01,LRCX,True,True,True,True,True,True
267,12729,2025-10-02,TER,True,True,True,True,True,True
268,13681,2025-10-02,WDC,True,True,False,True,True,True
269,266093,2025-10-02,AMAT,True,True,True,True,True,True
270,270639,2025-10-02,INTC,True,False,False,False,True,False
271,491932113,2025-10-02,STX,True,True,True,False,False,False
272,732440574,2025-10-02,LRCX,True,True,True,True,True,True
273,9939,2025-10-03,MU,True,True,True,True,True,True
274,12729,2025-10-03,TER,True,True,True,True,True,True
275,13681,2025-10-03,WDC,True,True,False,True,True,True
276,270639,2025-10-03,INTC,True,False,False,False,True,False
277,13878278,2025-10-03,CNC,True,True,True,False,False,False
278,4391,2025-10-06,AMD,True,True,True,False,True,True
279,9939,2025-10-06,MU,True,True,True,True,True,True
280,270639,2025-10-06,INTC,True,False,False,False,True,False
281,731466419,2025-10-06,SMCI,True,True,True,False,True,False
282,4391,2025-10-07,AMD,True,True,True,False,True,True
283,270639,2025-10-07,INTC,True,False,False,False,True,False
284,13878278,2025-10-07,CNC,True,True,True,False,False,False
285,75960201,2025-10-07,NEE,True,True,True,False,False,False
286,731466419,2025-10-07,SMCI,True,True,True,False,True,False
287,4391,2025-10-08,AMD,True,True,True,False,True,True
288,9939,2025-10-08,MU,True,True,True,True,True,True
289,270639,2025-10-08,INTC,True,False,False,False,True,False
290,346218218,2025-10-08,DELL,True,True,True,False,False,False
291,731466419,2025-10-08,SMCI,True,True,True,False,True,False
292,4391,2025-10-09,AMD,True,True,True,False,True,True
293,9160,2025-10-09,LLY,True,True,True,True,False,True
294,9939,2025-10-09,MU,True,True,True,True,True,True
295,402783527,2025-10-09,VRT,True,True,True,True,False,True
296,731466419,2025-10-09,SMCI,True,True,True,False,True,False
297,4391,2025-10-10,AMD,True,True,True,False,True,True
298,9160,2025-10-10,LLY,True,True,True,True,False,True
299,9939,2025-10-10,MU,True,True,True,True,True,True
300,346218218,2025-10-10,DELL,True,True,True,False,False,False
301,402783527,2025-10-10,VRT,True,True,True,True,False,True
302,731466419,2025-10-10,SMCI,True,True,True,False,True,False
303,4391,2025-10-13,AMD,True,True,True,False,True,True
304,9939,2025-10-13,MU,True,True,True,True,True,True
305,2730877,2025-10-13,CRL,True,False,False,False,True,False
306,346218218,2025-10-13,DELL,True,True,True,False,False,False
307,402783527,2025-10-13,VRT,True,True,True,True,False,True
308,731466419,2025-10-13,SMCI,True,True,True,False,True,False
309,4391,2025-10-14,AMD,True,True,True,False,True,True
310,9939,2025-10-14,MU,True,True,True,True,True,True
311,75960201,2025-10-14,NEE,True,True,True,False,False,False
312,402783527,2025-10-14,VRT,True,True,True,True,False,True
313,538132976,2025-10-14,CEG,True,False,True,True,False,False
314,731466419,2025-10-14,SMCI,True,True,True,False,True,False
315,4391,2025-10-15,AMD,True,True,True,False,True,True
316,5437,2025-10-15,CAT,True,True,False,True,False,False
317,72529783,2025-10-15,GNRC,True,True,True,False,True,True
318,79498203,2025-10-15,UAL,True,True,True,True,False,True
319,402783527,2025-10-15,VRT,True,True,True,True,False,True
320,538132976,2025-10-15,CEG,True,False,True,True,False,False
321,4391,2025-10-16,AMD,True,True,True,False,True,True
322,5437,2025-10-16,CAT,True,True,False,True,False,False
323,9939,2025-10-16,MU,True,True,True,True,True,True
324,270825,2025-10-16,JBHT,True,True,False,False,True,False
325,32106121,2025-10-16,MPWR,True,True,True,True,True,True
326,538132976,2025-10-16,CEG,True,False,True,True,False,False
327,663174498,2025-10-16,BG,True,False,False,False,True,False
328,4391,2025-10-17,AMD,True,True,True,False,True,True
329,269753,2025-10-17,GILD,True,True,True,True,True,True
330,270825,2025-10-17,JBHT,True,True,False,False,True,False
331,32106121,2025-10-17,MPWR,True,True,True,True,True,True
332,324057162,2025-10-17,KDP,True,True,True,False,True,True
333,402783527,2025-10-17,VRT,True,True,True,True,False,True
334,4391,2025-10-20,AMD,True,True,True,False,True,True
335,11017,2025-10-20,PEP,True,True,True,True,False,True
336,8677881,2025-10-20,ON,True,True,False,False,True,False
337,324057162,2025-10-20,KDP,True,True,True,False,True,True
338,663174498,2025-10-20,BG,True,False,False,False,True,False
339,4391,2025-10-21,AMD,True,True,True,False,True,True
340,2730877,2025-10-21,CRL,True,False,False,False,True,False
341,8677881,2025-10-21,ON,True,True,False,False,True,False
342,44001820,2025-10-21,DAL,True,True,True,True,False,True
343,80986742,2025-10-21,GM,True,True,True,False,False,False
344,11017,2025-10-22,PEP,True,True,True,True,False,True
345,9063285,2025-10-22,ISRG,True,True,True,True,True,True
346,80986742,2025-10-22,GM,True,True,True,False,False,False
347,13909,2025-10-23,WST,True,True,True,True,True,True
348,9063285,2025-10-23,ISRG,True,True,True,True,True,True
349,80986742,2025-10-23,GM,True,True,True,False,False,False
350,9939,2025-10-24,MU,True,True,True,True,True,True
351,270957,2025-10-24,KLAC,True,True,True,True,False,True
352,6607708,2025-10-24,FIX,True,True,True,True,True,True
353,9063285,2025-10-24,ISRG,True,True,True,True,True,True
354,4391,2025-10-27,AMD,True,True,True,False,True,True
355,270957,2025-10-27,KLAC,True,True,True,True,False,True
356,9063285,2025-10-27,ISRG,True,True,True,True,True,True
357,201113895,2025-10-27,LITE,True,False,True,False,False,False
358,4391,2025-10-28,AMD,True,True,True,False,True,True
359,7890,2025-10-28,HAL,True,True,False,False,True,False
360,9939,2025-10-28,MU,True,True,True,True,True,True
361,6607708,2025-10-28,FIX,True,True,True,True,True,True
362,9063285,2025-10-28,ISRG,True,True,True,True,True,True
363,80986742,2025-10-28,GM,True,True,True,False,False,False
364,201113895,2025-10-28,LITE,True,False,True,False,False,False
365,7890,2025-10-29,HAL,True,True,False,False,True,False
366,12729,2025-10-29,TER,True,True,True,True,True,True
367,6607708,2025-10-29,FIX,True,True,True,True,True,True
368,80986742,2025-10-29,GM,True,True,True,False,False,False
369,201113895,2025-10-29,LITE,True,False,True,False,False,False
370,491932113,2025-10-29,STX,True,True,True,False,False,False
371,584127832,2025-10-29,COHR,True,True,True,False,True,True
372,7890,2025-10-30,HAL,True,True,False,False,True,False
373,12729,2025-10-30,TER,True,True,True,True,True,True
374,80986742,2025-10-30,GM,True,True,True,False,False,False
375,201113895,2025-10-30,LITE,True,False,True,False,False,False
376,491932113,2025-10-30,STX,True,True,True,False,False,False
377,7890,2025-10-31,HAL,True,True,False,False,True,False
378,12729,2025-10-31,TER,True,True,True,True,True,True
379,13681,2025-10-31,WDC,True,True,False,True,True,True
380,80986742,2025-10-31,GM,True,True,True,False,False,False
381,201113895,2025-10-31,LITE,True,False,True,False,False,False
382,7890,2025-11-03,HAL,True,True,False,False,True,False
383,12729,2025-11-03,TER,True,True,True,True,True,True
384,13681,2025-11-03,WDC,True,True,False,True,True,True
385,9063285,2025-11-03,ISRG,True,True,True,True,True,True
386,201113895,2025-11-03,LITE,True,False,True,False,False,False
387,491932113,2025-11-03,STX,True,True,True,False,False,False
388,12729,2025-11-04,TER,True,True,True,True,True,True
389,13681,2025-11-04,WDC,True,True,False,True,True,True
390,4369855,2025-11-04,INCY,True,True,True,True,True,True
391,9063285,2025-11-04,ISRG,True,True,True,True,True,True
392,36320731,2025-11-04,CHRW,True,True,False,True,True,True
393,201113895,2025-11-04,LITE,True,False,True,False,False,False
394,491932113,2025-11-04,STX,True,True,True,False,False,False
395,5407,2025-11-05,CAH,True,True,True,False,False,False
396,12729,2025-11-05,TER,True,True,True,True,True,True
397,4369855,2025-11-05,INCY,True,True,True,True,True,True
398,32602412,2025-11-05,LVS,True,True,True,True,False,True
399,36320731,2025-11-05,CHRW,True,True,False,True,True,True
400,5407,2025-11-06,CAH,True,True,True,False,False,False
401,4369855,2025-11-06,INCY,True,True,True,True,True,True
402,36320731,2025-11-06,CHRW,True,True,False,True,True,True
403,584127832,2025-11-06,COHR,True,True,True,False,True,True
404,12729,2025-11-07,TER,True,True,True,True,True,True
405,36320731,2025-11-07,CHRW,True,True,False,True,True,True
406,584127832,2025-11-07,COHR,True,True,True,False,True,True
407,13681,2025-11-10,WDC,True,True,False,True,True,True
408,36320731,2025-11-10,CHRW,True,True,False,True,True,True
409,201113895,2025-11-10,LITE,True,False,True,False,False,False
410,491932113,2025-11-10,STX,True,True,True,False,False,False
411,584127832,2025-11-10,COHR,True,True,True,False,True,True
412,5407,2025-11-11,CAH,True,True,True,False,False,False
413,9160,2025-11-11,LLY,True,True,True,True,False,True
414,12729,2025-11-11,TER,True,True,True,True,True,True
415,13681,2025-11-11,WDC,True,True,False,True,True,True
416,4369855,2025-11-11,INCY,True,True,True,True,True,True
417,201113895,2025-11-11,LITE,True,False,True,False,False,False
418,491932113,2025-11-11,STX,True,True,True,False,False,False
419,5407,2025-11-12,CAH,True,True,True,False,False,False
420,9160,2025-11-12,LLY,True,True,True,True,False,True
421,269082,2025-11-12,EXPD,True,True,True,True,True,True
422,4369855,2025-11-12,INCY,True,True,True,True,True,True
423,36320731,2025-11-12,CHRW,True,True,False,True,True,True
424,9160,2025-11-13,LLY,True,True,True,True,False,True
425,266145,2025-11-13,AMGN,True,True,True,True,False,True
426,3655640,2025-11-13,HSIC,True,True,True,False,True,True
427,9160,2025-11-14,LLY,True,True,True,True,False,True
428,3655640,2025-11-14,HSIC,True,True,True,False,True,True
429,201113895,2025-11-14,LITE,True,False,True,False,False,False
430,9160,2025-11-17,LLY,True,True,True,True,False,True
431,266145,2025-11-17,AMGN,True,True,True,True,False,True
432,70101545,2025-11-17,MRK,True,True,True,True,True,True
433,201113895,2025-11-17,LITE,True,False,True,False,False,False
434,691984360,2025-11-17,SOLV,True,True,False,True,True,False
435,9160,2025-11-18,LLY,True,True,True,True,False,True
436,266145,2025-11-18,AMGN,True,True,True,True,False,True
437,273733,2025-11-18,REGN,True,True,True,True,True,True
438,26734397,2025-11-18,BIIB,True,True,True,False,True,True
439,70101545,2025-11-18,MRK,True,True,True,True,True,True
440,474515500,2025-11-18,APA,True,True,True,True,True,True
441,9160,2025-11-19,LLY,True,True,True,True,False,True
442,70101545,2025-11-19,MRK,True,True,True,True,True,True
443,101898880,2025-11-19,EPAM,True,True,True,False,True,True
444,201113895,2025-11-19,LITE,True,False,True,False,False,False
445,474515500,2025-11-19,APA,True,True,True,True,True,True
446,8719,2025-11-20,JNJ,True,True,True,True,True,True
447,9160,2025-11-20,LLY,True,True,True,True,False,True
448,273733,2025-11-20,REGN,True,True,True,True,True,True
449,70101545,2025-11-20,MRK,True,True,True,True,True,True
450,196986496,2025-11-20,MNST,True,True,True,True,True,True
451,8719,2025-11-21,JNJ,True,True,True,True,True,True
452,9160,2025-11-21,LLY,True,True,True,True,False,True
453,273733,2025-11-21,REGN,True,True,True,True,True,True
454,26734397,2025-11-21,BIIB,True,True,True,False,True,True
455,33837089,2025-11-21,DXCM,True,True,True,True,True,True
456,70101545,2025-11-21,MRK,True,True,True,True,True,True
457,181387075,2025-11-21,MDT,True,True,True,False,True,True
458,691984360,2025-11-21,SOLV,True,True,False,True,True,False
459,9160,2025-11-24,LLY,True,True,True,True,False,True
460,273733,2025-11-24,REGN,True,True,True,True,True,True
461,26734397,2025-11-24,BIIB,True,True,True,False,True,True
462,33837089,2025-11-24,DXCM,True,True,True,True,True,True
463,70101545,2025-11-24,MRK,True,True,True,True,True,True
464,181387075,2025-11-24,MDT,True,True,True,False,True,True
465,691984360,2025-11-24,SOLV,True,True,False,True,True,False
466,6737,2025-11-25,RVTY,True,True,True,False,True,True
467,9160,2025-11-25,LLY,True,True,True,True,False,True
468,273733,2025-11-25,REGN,True,True,True,True,True,True
469,26734397,2025-11-25,BIIB,True,True,True,False,True,True
470,70101545,2025-11-25,MRK,True,True,True,True,True,True
471,691984360,2025-11-25,SOLV,True,True,False,True,True,False
472,273733,2025-11-26,REGN,True,True,True,True,True,True
473,26734397,2025-11-26,BIIB,True,True,True,False,True,True
474,70101545,2025-11-26,MRK,True,True,True,True,True,True
475,691984360,2025-11-26,SOLV,True,True,False,True,True,False
476,691984360,2025-11-28,SOLV,True,True,False,True,True,False
477,274144952,2025-12-01,CVNA,True,True,True,True,False,True
478,270825,2025-12-02,JBHT,True,True,False,True,True,True
479,44001820,2025-12-02,DAL,True,True,True,True,False,True
480,79498203,2025-12-02,UAL,True,True,True,True,False,True
481,274144952,2025-12-02,CVNA,True,True,True,True,False,True
482,4157,2025-12-03,ADI,True,True,True,False,True,True
483,270639,2025-12-03,INTC,True,False,False,False,True,False
484,271568,2025-12-03,MCHP,True,False,False,False,True,False
485,8677881,2025-12-03,ON,True,True,False,False,True,False
486,77791077,2025-12-03,NXPI,True,True,False,True,True,True
487,271568,2025-12-04,MCHP,True,False,False,False,True,False
488,272667,2025-12-04,ODFL,True,True,False,True,True,True
489,4157,2025-12-05,ADI,True,True,True,False,True,True
490,12729,2025-12-05,TER,True,True,True,True,True,True
491,271568,2025-12-05,MCHP,True,False,False,False,True,False
492,12729,2025-12-08,TER,True,True,True,True,True,True
493,271568,2025-12-08,MCHP,True,False,False,False,True,False
494,12729,2025-12-09,TER,True,True,True,True,True,True
495,268376,2025-12-09,DECK,True,True,True,True,True,True
496,271568,2025-12-09,MCHP,True,False,False,False,True,False
497,70212228,2025-12-09,DG,True,True,True,True,False,True
498,274144952,2025-12-09,CVNA,True,True,True,True,False,True
499,12729,2025-12-10,TER,True,True,True,True,True,True
500,271568,2025-12-10,MCHP,True,False,False,False,True,False
501,77791077,2025-12-10,NXPI,True,True,False,True,True,True
502,584127832,2025-12-10,COHR,True,True,True,False,True,True
503,691984365,2025-12-10,GEV,True,True,False,True,False,False
504,271568,2025-12-11,MCHP,True,False,False,False,True,False
505,70212228,2025-12-11,DG,True,True,True,True,False,True
506,77791077,2025-12-11,NXPI,True,True,False,True,True,True
507,274144952,2025-12-11,CVNA,True,True,True,True,False,True
508,9282,2025-12-12,LUV,True,False,True,False,False,False
509,268376,2025-12-12,DECK,True,True,True,True,True,True
510,271568,2025-12-12,MCHP,True,False,False,False,True,False
511,272667,2025-12-12,ODFL,True,True,False,True,True,True
512,77791077,2025-12-12,NXPI,True,True,False,True,True,True
513,9282,2025-12-15,LUV,True,False,True,False,False,False
514,271568,2025-12-15,MCHP,True,False,False,False,True,False
515,49388062,2025-12-15,DLTR,True,False,False,False,False,False
516,70212228,2025-12-15,DG,True,True,True,True,False,True
517,120643512,2025-12-15,NCLH,True,False,True,True,False,False
518,274144952,2025-12-15,CVNA,True,True,True,True,False,True
519,691984365,2025-12-15,GEV,True,True,False,True,False,False
520,9282,2025-12-16,LUV,True,False,True,False,False,False
521,271568,2025-12-16,MCHP,True,False,False,False,True,False
522,76792991,2025-12-16,TSLA,True,True,False,False,True,False
523,120643512,2025-12-16,NCLH,True,False,True,True,False,False
524,9282,2025-12-17,LUV,True,False,True,False,False,False
525,120643512,2025-12-17,NCLH,True,False,True,True,False,False
526,554208351,2025-12-17,WBD,True,True,False,False,True,False
527,9282,2025-12-18,LUV,True,False,True,False,False,False
528,45157951,2025-12-18,LULU,True,True,True,True,True,True
529,120643512,2025-12-18,NCLH,True,False,True,True,False,False
530,274144952,2025-12-18,CVNA,True,True,True,True,False,True
531,9939,2025-12-19,MU,True,True,True,True,True,True
532,11520,2025-12-19,RCL,True,True,True,True,False,True
533,120643512,2025-12-19,NCLH,True,False,True,True,False,False
534,878372298,2025-12-19,CCL,True,True,True,True,False,True
535,11520,2025-12-22,RCL,True,True,True,True,False,True
536,120643512,2025-12-22,NCLH,True,False,True,True,False,False
537,878372298,2025-12-22,CCL,True,True,True,True,False,True
538,11520,2025-12-23,RCL,True,True,True,True,False,True
539,120643512,2025-12-23,NCLH,True,False,True,True,False,False
540,878372298,2025-12-23,CCL,True,True,True,True,False,True
541,11520,2025-12-24,RCL,True,True,True,True,False,True
542,120643512,2025-12-24,NCLH,True,False,True,True,False,False
543,498843743,2025-12-24,GE,True,True,False,True,False,False
544,878372298,2025-12-24,CCL,True,True,True,True,False,True
545,9939,2025-12-26,MU,True,True,True,True,True,True
546,120643512,2025-12-26,NCLH,True,False,True,True,False,False
547,498843743,2025-12-26,GE,True,True,False,True,False,False
548,878372298,2025-12-26,CCL,True,True,True,True,False,True
549,9939,2025-12-29,MU,True,True,True,True,True,True
550,267748,2025-12-29,CMCSA,True,True,True,True,True,True
551,4815747,2025-12-29,NVDA,True,True,True,True,True,True
552,732440574,2025-12-29,LRCX,True,True,True,True,True,True
553,878372298,2025-12-29,CCL,True,True,True,True,False,True
554,878372298,2025-12-30,CCL,True,True,True,True,False,True
555,878372298,2025-12-31,CCL,True,True,True,True,False,True
556,6607708,2026-01-02,FIX,True,True,True,True,True,True
557,7890,2026-01-05,HAL,True,True,False,False,True,False
558,12200,2026-01-05,SLB,True,True,False,True,True,True
559,43645865,2026-01-05,IBKR,True,True,True,True,False,True
560,12200,2026-01-06,SLB,True,True,False,True,True,True
561,43645865,2026-01-06,IBKR,True,True,True,True,False,True
562,4347,2026-01-07,ALB,True,False,False,False,True,False
563,7890,2026-01-08,HAL,True,True,False,False,True,False
564,12200,2026-01-08,SLB,True,True,False,True,True,True
565,13878278,2026-01-08,CNC,True,False,True,False,False,False
566,356576040,2026-01-08,DOW,True,False,False,False,False,False
567,7890,2026-01-09,HAL,True,True,False,False,True,False
568,9939,2026-01-09,MU,True,True,True,True,True,True
569,12200,2026-01-09,SLB,True,True,False,True,True,True
570,266093,2026-01-09,AMAT,True,True,True,True,True,True
571,270639,2026-01-09,INTC,True,False,False,False,True,False
572,271568,2026-01-09,MCHP,True,False,False,False,True,False
573,732440574,2026-01-09,LRCX,True,True,True,True,True,True
574,9939,2026-01-12,MU,True,True,True,True,True,True
575,12200,2026-01-12,SLB,True,True,False,True,True,True
576,266093,2026-01-12,AMAT,True,True,True,True,True,True
577,270639,2026-01-12,INTC,True,False,False,False,True,False
578,371886040,2026-01-12,LHX,True,True,True,False,True,True
579,732440574,2026-01-12,LRCX,True,True,True,True,True,True
580,4347,2026-01-13,ALB,True,False,False,False,True,False
581,12200,2026-01-13,SLB,True,True,False,True,True,True
582,12729,2026-01-13,TER,True,True,True,True,True,True
583,270639,2026-01-13,INTC,True,False,False,False,True,False
584,732440574,2026-01-13,LRCX,True,True,True,True,True,True
585,4347,2026-01-14,ALB,True,False,False,False,True,False
586,12200,2026-01-14,SLB,True,True,False,True,True,True
587,270639,2026-01-14,INTC,True,False,False,False,True,False
588,356576040,2026-01-14,DOW,True,False,False,False,False,False
589,732440574,2026-01-14,LRCX,True,True,True,True,True,True
590,4347,2026-01-15,ALB,True,False,False,False,True,False
591,266093,2026-01-15,AMAT,True,True,True,True,True,True
592,270639,2026-01-15,INTC,True,False,False,False,True,False
593,270957,2026-01-15,KLAC,True,True,True,True,False,True
594,663174498,2026-01-15,BG,True,False,True,False,True,False
595,732440574,2026-01-15,LRCX,True,True,True,True,True,True
596,266093,2026-01-16,AMAT,True,True,True,True,True,True
597,270639,2026-01-16,INTC,True,False,False,False,True,False
598,270957,2026-01-16,KLAC,True,True,True,True,False,True
599,611191,2026-01-16,LMT,True,True,True,True,False,True
600,732440574,2026-01-16,LRCX,True,True,True,True,True,True
601,4347,2026-01-20,ALB,True,False,False,False,True,False
602,9939,2026-01-20,MU,True,True,True,True,True,True
603,270639,2026-01-20,INTC,True,False,False,False,True,False
604,663174498,2026-01-20,BG,True,False,True,False,True,False
605,4391,2026-01-21,AMD,True,True,True,False,True,True
606,270639,2026-01-21,INTC,True,False,False,False,True,False
607,35447205,2026-01-21,CF,True,True,True,True,True,True
608,72529783,2026-01-21,GNRC,True,True,True,False,True,True
609,463654490,2026-01-21,TPL,True,True,True,True,True,True
610,663174498,2026-01-21,BG,True,False,True,False,True,False
611,4391,2026-01-22,AMD,True,True,True,False,True,True
612,270639,2026-01-22,INTC,True,False,False,False,True,False
613,611191,2026-01-22,LMT,True,True,True,True,False,True
614,72529783,2026-01-22,GNRC,True,True,True,False,True,True
615,663174498,2026-01-22,BG,True,False,True,False,True,False
616,4347,2026-01-23,ALB,True,False,False,False,True,False
617,4391,2026-01-23,AMD,True,True,True,False,True,True
618,9939,2026-01-23,MU,True,True,True,True,True,True
619,6607708,2026-01-23,FIX,True,True,True,True,True,True
620,663174498,2026-01-23,BG,True,False,True,False,True,False
621,4347,2026-01-26,ALB,True,False,False,False,True,False
622,4391,2026-01-26,AMD,True,True,True,False,True,True
623,9939,2026-01-26,MU,True,True,True,True,True,True
624,663174498,2026-01-26,BG,True,False,True,False,True,False
625,4391,2026-01-27,AMD,True,True,True,False,True,True
626,9939,2026-01-27,MU,True,True,True,True,True,True
627,281316445,2026-01-27,BKR,True,True,True,True,True,True
628,663174498,2026-01-27,BG,True,False,True,False,True,False
629,9939,2026-01-28,MU,True,True,True,True,True,True
630,32106121,2026-01-28,MPWR,True,True,True,True,True,True
631,281316445,2026-01-28,BKR,True,True,True,True,True,True
632,9939,2026-01-29,MU,True,True,True,True,True,True
633,270957,2026-01-29,KLAC,True,True,True,True,False,True
634,32106121,2026-01-29,MPWR,True,True,True,True,True,True
635,732440574,2026-01-29,LRCX,True,True,True,True,True,True
636,9939,2026-01-30,MU,True,True,True,True,True,True
637,13096,2026-01-30,TXN,True,True,True,True,True,True
638,57698865,2026-01-30,EQT,True,True,True,False,True,True
639,9939,2026-02-02,MU,True,True,True,True,True,True
640,13096,2026-02-02,TXN,True,True,True,True,True,True
641,12729,2026-02-03,TER,True,True,True,True,True,True
642,13096,2026-02-03,TXN,True,True,True,True,True,True
643,5052,2026-02-05,BALL,True,True,True,False,False,False
644,8199,2026-02-05,HSY,True,True,True,True,True,True
645,5100583,2026-02-05,FDX,True,True,True,True,False,True
646,7655,2026-02-06,GLW,True,True,True,False,True,True
647,8199,2026-02-06,HSY,True,True,True,True,True,True
648,7655,2026-02-09,GLW,True,True,True,False,True,True
649,41045553,2026-02-09,CIEN,True,True,True,False,True,True
650,4901,2026-02-10,VZ,True,True,True,True,False,True
651,41045553,2026-02-10,CIEN,True,True,True,False,True,True
652,4901,2026-02-11,VZ,True,True,True,True,False,True
653,7655,2026-02-11,GLW,True,True,True,False,True,True
654,72529783,2026-02-11,GNRC,True,True,True,False,True,True
655,402783527,2026-02-11,VRT,True,True,True,True,False,True
656,4901,2026-02-12,VZ,True,True,True,True,False,True
657,7655,2026-02-12,GLW,True,True,True,False,True,True
658,72529783,2026-02-12,GNRC,True,True,True,False,True,True
659,402783527,2026-02-12,VRT,True,True,True,True,False,True
660,713434903,2026-02-12,SW,True,True,False,False,True,False
661,7655,2026-02-13,GLW,True,True,True,False,True,True
662,72529783,2026-02-13,GNRC,True,True,True,False,True,True
663,402783527,2026-02-13,VRT,True,True,True,True,False,True
664,463654490,2026-02-13,TPL,True,True,True,True,True,True
665,713434903,2026-02-13,SW,True,True,False,False,True,False
666,72529783,2026-02-17,GNRC,True,True,True,False,True,True
667,402783527,2026-02-17,VRT,True,True,True,True,False,True
668,463654490,2026-02-17,TPL,True,True,True,True,True,True
669,713434903,2026-02-17,SW,True,True,False,False,True,False
670,72529783,2026-02-18,GNRC,True,True,True,False,True,True
671,292491487,2026-02-18,TPR,True,True,True,True,False,True
672,402783527,2026-02-18,VRT,True,True,True,True,False,True
673,463654490,2026-02-18,TPL,True,False,True,True,True,True
674,713434903,2026-02-18,SW,True,True,False,False,True,False
675,6607708,2026-02-19,FIX,True,True,True,True,True,True
676,41045553,2026-02-19,CIEN,True,True,True,False,True,True
677,72529783,2026-02-19,GNRC,True,True,False,False,True,False
678,402783527,2026-02-19,VRT,True,True,True,True,False,True
679,463654490,2026-02-19,TPL,True,False,True,True,True,True
680,7655,2026-02-20,GLW,True,True,True,False,True,True
681,6607708,2026-02-20,FIX,True,True,True,True,True,True
682,41045553,2026-02-20,CIEN,True,True,True,False,True,True
683,72529783,2026-02-20,GNRC,True,True,False,False,True,False
684,402783527,2026-02-20,VRT,True,True,True,True,False,True
685,463654490,2026-02-20,TPL,True,False,True,True,True,True
686,7655,2026-02-23,GLW,True,True,True,False,True,True
687,11899,2026-02-23,EIX,True,False,True,True,False,False
688,41045553,2026-02-23,CIEN,True,True,True,False,True,True
689,72529783,2026-02-23,GNRC,True,True,False,False,True,False
690,402783527,2026-02-23,VRT,True,True,True,True,False,True
691,463654490,2026-02-23,TPL,True,False,True,True,True,True
692,41045553,2026-02-24,CIEN,True,True,True,False,True,True
693,72529783,2026-02-24,GNRC,True,True,False,False,True,False
694,402783527,2026-02-24,VRT,True,True,True,True,False,True
695,463654490,2026-02-24,TPL,True,False,True,True,True,True
696,7655,2026-02-25,GLW,True,True,True,False,True,True
697,72529783,2026-02-25,GNRC,True,True,False,False,True,False
698,76791198,2026-02-25,GRMN,True,True,True,True,True,True
699,170167160,2026-02-25,KEYS,True,True,True,True,True,True
700,402783527,2026-02-25,VRT,True,True,True,True,False,True
701,463654490,2026-02-25,TPL,True,False,True,True,True,True
702,272104927,2026-02-26,AXON,True,True,True,False,True,True
703,463654490,2026-02-27,TPL,True,False,True,True,True,True
704,272104927,2026-03-02,AXON,True,True,True,False,True,True
705,463654490,2026-03-02,TPL,True,False,True,True,True,True
706,272104927,2026-03-03,AXON,True,True,True,False,True,True
707,463654490,2026-03-03,TPL,True,False,True,True,True,True
708,212671971,2026-03-04,XYZ,True,True,True,False,True,True
709,463654490,2026-03-04,TPL,True,False,True,True,True,True
710,270662,2026-03-05,INTU,True,True,True,True,True,True
711,212671971,2026-03-05,XYZ,True,True,True,False,True,True
712,270662,2026-03-06,INTU,True,True,True,True,True,True
713,109911821,2026-03-06,NOW,True,True,True,True,True,True
714,212671971,2026-03-06,XYZ,True,True,True,False,True,True
715,270662,2026-03-09,INTU,True,True,True,True,True,True
716,212671971,2026-03-09,XYZ,True,True,True,False,True,True
717,383858515,2026-03-09,DDOG,True,True,True,False,True,True
718,270662,2026-03-10,INTU,True,True,True,True,True,True
719,212671971,2026-03-10,XYZ,True,True,True,False,True,True
720,383858515,2026-03-10,DDOG,True,True,True,False,True,True
721,444857009,2026-03-10,PLTR,True,True,True,True,True,True
722,13497,2026-03-11,VLO,True,True,False,False,True,False
723,270662,2026-03-11,INTU,True,True,True,True,True,True
724,89495776,2026-03-11,MPC,True,True,False,True,False,False
725,383858515,2026-03-11,DDOG,True,True,True,False,True,True
726,474515500,2026-03-11,APA,True,True,False,True,True,True
727,13497,2026-03-12,VLO,True,True,False,False,True,False
728,35447205,2026-03-12,CF,True,True,True,True,True,True
729,74866700,2026-03-12,LYB,True,False,False,False,False,False
730,88292752,2026-03-12,MOS,True,False,True,False,True,False
731,89495776,2026-03-12,MPC,True,True,False,True,False,False
732,105669270,2026-03-12,PSX,True,True,False,True,True,True
733,356576040,2026-03-12,DOW,True,False,False,False,False,False
734,474515500,2026-03-12,APA,True,True,False,True,True,True
735,13497,2026-03-13,VLO,True,True,False,False,True,False
736,89495776,2026-03-13,MPC,True,True,False,True,False,False
737,105669270,2026-03-13,PSX,True,True,False,True,True,True
738,110619459,2026-03-13,PANW,True,True,True,True,True,True
739,474515500,2026-03-13,APA,True,True,False,True,True,True
740,89495776,2026-03-16,MPC,True,True,False,True,False,False
741,110619459,2026-03-16,PANW,True,True,True,True,True,True
742,383858515,2026-03-16,DDOG,True,True,True,False,True,True
743,474515500,2026-03-16,APA,True,True,False,True,True,True
744,13681,2026-03-17,WDC,True,True,False,True,True,True
745,98542021,2026-03-17,EXPE,True,True,True,True,False,True
746,383858515,2026-03-17,DDOG,True,True,True,False,True,True
747,474515500,2026-03-17,APA,True,True,False,True,True,True
748,491932113,2026-03-17,STX,True,True,True,False,False,False
749,10880,2026-03-18,OXY,True,False,False,False,True,False
750,13681,2026-03-18,WDC,True,True,False,True,True,True
751,754442,2026-03-18,DVN,True,True,True,True,True,True
752,383858515,2026-03-18,DDOG,True,True,True,False,True,True
753,474515500,2026-03-18,APA,True,True,False,True,True,True
754,10880,2026-03-19,OXY,True,False,False,False,True,False
755,13681,2026-03-19,WDC,True,True,False,True,True,True
756,41045553,2026-03-19,CIEN,True,True,True,False,True,True
757,201113895,2026-03-19,LITE,True,True,True,True,False,True
758,474515500,2026-03-19,APA,True,True,False,True,True,True
759,491932113,2026-03-19,STX,True,True,True,False,False,False
760,10880,2026-03-20,OXY,True,False,False,False,True,False
761,13681,2026-03-20,WDC,True,True,False,True,True,True
762,6220356,2026-03-20,AKAM,True,True,True,False,True,True
763,41045553,2026-03-20,CIEN,True,True,True,False,True,True
764,201113895,2026-03-20,LITE,True,True,True,True,False,True
765,474515500,2026-03-20,APA,True,True,False,True,True,True
766,491932113,2026-03-20,STX,True,True,True,False,False,False
767,10880,2026-03-23,OXY,True,False,False,False,True,False
768,10885,2026-03-23,COP,True,True,True,False,True,True
769,13497,2026-03-23,VLO,True,True,False,False,True,False
770,13681,2026-03-23,WDC,True,True,False,True,True,True
771,6220356,2026-03-23,AKAM,True,True,True,False,True,True
772,41045553,2026-03-23,CIEN,True,True,True,False,True,True
773,201113895,2026-03-23,LITE,True,True,True,True,False,True
774,346218218,2026-03-23,DELL,True,True,True,False,False,False
775,474515500,2026-03-23,APA,True,True,False,True,True,True
776,10880,2026-03-24,OXY,True,False,False,False,True,False
777,10885,2026-03-24,COP,True,True,True,False,True,True
778,754442,2026-03-24,DVN,True,True,True,True,True,True
779,41045553,2026-03-24,CIEN,True,True,True,False,True,True
780,89495776,2026-03-24,MPC,True,True,False,True,False,False
781,201113895,2026-03-24,LITE,True,True,True,True,False,True
782,346218218,2026-03-24,DELL,True,True,True,False,False,False
783,474515500,2026-03-24,APA,True,True,False,True,True,True
784,10880,2026-03-25,OXY,True,False,False,False,True,False
785,6220356,2026-03-25,AKAM,True,True,True,False,True,True
786,41045553,2026-03-25,CIEN,True,True,True,False,True,True
787,201113895,2026-03-25,LITE,True,True,True,True,False,True
788,209411798,2026-03-25,HPE,True,False,True,False,False,False
789,346218218,2026-03-25,DELL,True,True,True,False,False,False
790,474515500,2026-03-25,APA,True,True,False,True,True,True
791,12200,2026-03-26,SLB,True,True,False,False,True,False
792,41045553,2026-03-26,CIEN,True,True,True,False,True,True
793,115441080,2026-03-26,FANG,True,False,True,False,True,False
794,201113895,2026-03-26,LITE,True,True,True,True,False,True
795,209411798,2026-03-26,HPE,True,False,True,False,False,False
796,281316445,2026-03-26,BKR,True,True,False,False,True,False
797,346218218,2026-03-26,DELL,True,True,True,False,False,False
798,474515500,2026-03-26,APA,True,True,False,True,True,True
799,4347,2026-03-27,ALB,True,False,False,False,True,False
800,7890,2026-03-27,HAL,True,True,False,False,True,False
801,10880,2026-03-27,OXY,True,False,False,False,True,False
802,12200,2026-03-27,SLB,True,True,False,False,True,False
803,754442,2026-03-27,DVN,True,True,True,True,True,True
804,41045553,2026-03-27,CIEN,True,True,True,False,True,True
805,201113895,2026-03-27,LITE,True,True,True,True,False,True
806,281316445,2026-03-27,BKR,True,True,False,False,True,False
807,346218218,2026-03-27,DELL,True,True,True,False,False,False
808,474515500,2026-03-27,APA,True,True,False,True,True,True
809,6890,2026-03-30,EOG,True,True,False,True,True,True
810,7890,2026-03-30,HAL,True,True,False,False,True,False
811,10880,2026-03-30,OXY,True,False,False,False,True,False
812,12200,2026-03-30,SLB,True,True,False,False,True,False
813,754442,2026-03-30,DVN,True,True,True,True,True,True
814,35447205,2026-03-30,CF,True,True,True,True,True,True
815,74866700,2026-03-30,LYB,True,False,False,False,False,False
816,281316445,2026-03-30,BKR,True,True,False,False,True,False
817,356576040,2026-03-30,DOW,True,False,False,False,False,False
818,474515500,2026-03-30,APA,True,True,False,True,True,True
819,7890,2026-03-31,HAL,True,True,False,False,True,False
820,10880,2026-03-31,OXY,True,False,False,False,True,False
821,12200,2026-03-31,SLB,True,True,False,False,True,False
822,74866700,2026-03-31,LYB,True,False,False,False,False,False
823,201113895,2026-03-31,LITE,True,True,True,True,False,True
824,209411798,2026-03-31,HPE,True,False,True,False,False,False
825,356576040,2026-03-31,DOW,True,False,False,False,False,False
826,474515500,2026-03-31,APA,True,True,False,True,True,True
827,12200,2026-04-01,SLB,True,True,False,False,True,False
828,474515500,2026-04-01,APA,True,True,False,True,True,True
829,6969,2026-04-02,ETR,True,False,True,False,False,False
830,270639,2026-04-06,INTC,True,False,False,False,True,False
831,7655,2026-04-07,GLW,True,True,True,False,True,True
832,270639,2026-04-07,INTC,True,False,False,False,True,False
833,47965865,2026-04-07,SATS,True,False,False,False,False,False
834,356576040,2026-04-07,DOW,True,False,False,False,False,False
835,270639,2026-04-08,INTC,True,False,False,False,True,False
836,32106121,2026-04-08,MPWR,True,True,True,True,True,True
837,7655,2026-04-09,GLW,True,True,True,False,True,True
838,270639,2026-04-09,INTC,True,False,False,False,True,False
839,32106121,2026-04-09,MPWR,True,True,True,True,True,True
840,270639,2026-04-10,INTC,True,False,False,False,True,False
841,32106121,2026-04-10,MPWR,True,True,True,True,True,True
842,584127832,2026-04-10,COHR,True,False,True,False,True,False
843,732440574,2026-04-10,LRCX,True,True,True,True,True,True
844,270639,2026-04-13,INTC,True,False,False,False,True,False
845,32106121,2026-04-13,MPWR,True,True,True,True,True,True
846,313130367,2026-04-13,AVGO,True,True,True,True,True,True
847,584127832,2026-04-13,COHR,True,False,True,False,True,False
848,732440574,2026-04-13,LRCX,True,True,True,True,True,True
849,9939,2026-04-14,MU,True,True,True,True,True,True
850,270639,2026-04-14,INTC,True,False,False,False,True,False
851,32106121,2026-04-14,MPWR,True,True,True,True,True,True
852,402783527,2026-04-14,VRT,True,True,True,True,False,True
853,584127832,2026-04-14,COHR,True,False,True,False,True,False
854,732440574,2026-04-14,LRCX,True,True,True,True,True,True
855,4391,2026-04-15,AMD,True,True,True,False,True,True
856,9939,2026-04-15,MU,True,True,True,True,True,True
857,270639,2026-04-15,INTC,True,False,False,False,True,False
858,313130367,2026-04-15,AVGO,True,True,True,True,True,True
859,504546674,2026-04-15,HOOD,True,True,True,True,False,True
860,584127832,2026-04-15,COHR,True,False,True,False,True,False
861,4391,2026-04-16,AMD,True,True,True,False,True,True
862,270639,2026-04-16,INTC,True,False,False,False,True,False
863,8677881,2026-04-16,ON,True,True,False,False,True,False
864,32106121,2026-04-16,MPWR,True,True,True,True,True,True
865,313130367,2026-04-16,AVGO,True,True,True,True,True,True
866,584127832,2026-04-16,COHR,True,False,True,False,True,False
867,740948854,2026-04-16,ANET,True,True,True,True,True,True
868,4391,2026-04-17,AMD,True,True,True,False,True,True
869,270639,2026-04-17,INTC,True,False,False,False,True,False
870,8677881,2026-04-17,ON,True,True,False,False,True,False
871,32106121,2026-04-17,MPWR,True,True,True,True,True,True
872,313130367,2026-04-17,AVGO,True,True,True,True,True,True
873,504546674,2026-04-17,HOOD,True,True,True,True,False,True
874,584127832,2026-04-17,COHR,True,False,True,False,True,False
875,740948854,2026-04-17,ANET,True,True,True,True,True,True
876,4391,2026-04-20,AMD,True,True,True,False,True,True
877,270639,2026-04-20,INTC,True,False,False,False,True,False
878,8677881,2026-04-20,ON,True,True,False,False,True,False
879,32106121,2026-04-20,MPWR,True,True,True,True,True,True
880,313130367,2026-04-20,AVGO,True,True,True,True,True,True
881,504546674,2026-04-20,HOOD,True,True,True,True,False,True
882,584127832,2026-04-20,COHR,True,False,True,False,True,False
883,740948854,2026-04-20,ANET,True,True,True,True,True,True
884,4391,2026-04-21,AMD,True,True,True,False,True,True
885,270639,2026-04-21,INTC,True,False,False,False,True,False
886,8677881,2026-04-21,ON,True,True,False,False,True,False
887,32106121,2026-04-21,MPWR,True,True,True,True,True,True
888,584127832,2026-04-21,COHR,True,False,True,False,True,False
889,740948854,2026-04-21,ANET,True,True,True,True,True,True
890,4391,2026-04-22,AMD,True,True,True,False,True,True
891,8677881,2026-04-22,ON,True,True,False,False,True,False
892,481863646,2026-04-22,APP,True,True,True,True,False,True
893,504546674,2026-04-22,HOOD,True,True,True,True,False,True
894,584127832,2026-04-22,COHR,True,False,True,False,True,False
895,731466419,2026-04-22,SMCI,True,True,True,False,False,False
896,740948854,2026-04-22,ANET,True,True,True,True,True,True
897,4391,2026-04-23,AMD,True,True,True,False,True,True
898,13096,2026-04-23,TXN,True,True,True,True,True,True
899,271568,2026-04-23,MCHP,True,False,False,False,True,False
900,8677881,2026-04-23,ON,True,True,False,False,True,False
901,32106121,2026-04-23,MPWR,True,True,True,True,True,True
902,481863646,2026-04-23,APP,True,True,True,True,False,True
903,4391,2026-04-24,AMD,True,True,True,False,True,True
904,13096,2026-04-24,TXN,True,True,True,True,True,True
905,270639,2026-04-24,INTC,True,False,True,False,True,False
906,271568,2026-04-24,MCHP,True,False,False,False,True,False
907,8677881,2026-04-24,ON,True,True,False,False,True,False
908,4391,2026-04-27,AMD,True,True,True,False,True,True
909,9939,2026-04-27,MU,True,True,True,True,True,True
910,13096,2026-04-27,TXN,True,True,True,True,True,True
911,270639,2026-04-27,INTC,True,False,True,False,True,False
912,271568,2026-04-27,MCHP,True,False,False,False,True,False
913,8677881,2026-04-27,ON,True,True,False,False,True,False
914,504546674,2026-04-27,HOOD,True,True,True,True,False,True
915,4391,2026-04-28,AMD,True,True,True,False,True,True
916,13096,2026-04-28,TXN,True,True,True,True,True,True
917,270639,2026-04-28,INTC,True,False,True,False,True,False
918,8677881,2026-04-28,ON,True,True,False,False,True,False
919,4391,2026-04-29,AMD,True,True,True,False,True,True
920,13096,2026-04-29,TXN,True,True,True,True,True,True
921,270639,2026-04-29,INTC,True,False,True,False,True,False
922,8677881,2026-04-29,ON,True,True,False,False,True,False
923,72529783,2026-04-29,GNRC,True,True,False,False,True,False
924,77791077,2026-04-29,NXPI,True,True,True,True,True,True
925,4391,2026-04-30,AMD,True,True,True,False,True,True
926,13096,2026-04-30,TXN,True,True,True,True,True,True
927,270639,2026-04-30,INTC,True,False,True,False,True,False
928,273544,2026-04-30,QCOM,True,True,True,True,True,True
929,8677881,2026-04-30,ON,True,True,False,False,True,False
930,72529783,2026-04-30,GNRC,True,True,False,False,True,False
931,77791077,2026-04-30,NXPI,True,True,True,True,True,True
932,491932113,2026-04-30,STX,True,True,True,True,False,True
933,4391,2026-05-01,AMD,True,True,True,False,True,True
934,13096,2026-05-01,TXN,True,True,True,True,True,True
935,270639,2026-05-01,INTC,True,False,True,False,True,False
936,273544,2026-05-01,QCOM,True,True,True,True,True,True
937,8677881,2026-05-01,ON,True,True,False,False,True,False
938,72529783,2026-05-01,GNRC,True,True,False,False,True,False
939,77791077,2026-05-01,NXPI,True,True,True,True,True,True
940,491932113,2026-05-01,STX,True,True,True,True,False,True
941,4391,2026-05-04,AMD,True,True,True,False,True,True
942,9939,2026-05-04,MU,True,True,True,True,True,True
943,13096,2026-05-04,TXN,True,True,True,True,True,True
944,270639,2026-05-04,INTC,True,False,True,False,True,False
945,273544,2026-05-04,QCOM,True,True,True,True,True,True
946,8677881,2026-05-04,ON,True,True,False,False,True,False
947,77791077,2026-05-04,NXPI,True,True,True,True,True,True
948,491932113,2026-05-04,STX,True,True,True,True,False,True
949,4391,2026-05-05,AMD,True,True,True,False,True,True
950,9939,2026-05-05,MU,True,True,True,True,True,True
951,270639,2026-05-05,INTC,True,False,True,False,True,False
952,271568,2026-05-05,MCHP,True,False,False,False,True,False
953,273544,2026-05-05,QCOM,True,True,True,True,True,True
954,72529783,2026-05-05,GNRC,True,True,True,False,True,True
955,77791077,2026-05-05,NXPI,True,True,True,True,True,True
956,491932113,2026-05-05,STX,True,True,True,True,False,True
957,4391,2026-05-06,AMD,True,True,True,False,True,True
958,9939,2026-05-06,MU,True,True,True,True,True,True
959,270639,2026-05-06,INTC,True,False,True,False,True,False
960,273544,2026-05-06,QCOM,True,True,True,True,True,True
961,77791077,2026-05-06,NXPI,True,True,True,True,True,True
962,491932113,2026-05-06,STX,True,True,True,True,False,True
963,4391,2026-05-07,AMD,True,True,True,False,True,True
964,9939,2026-05-07,MU,True,True,True,True,True,True
965,270639,2026-05-07,INTC,True,False,True,False,True,False
966,273544,2026-05-07,QCOM,True,True,True,True,True,True
967,1035459,2026-05-07,DVA,True,True,True,False,False,False
968,13878278,2026-05-07,CNC,True,False,True,False,False,False
969,70236214,2026-05-07,FTNT,True,True,True,True,False,True
970,383858515,2026-05-07,DDOG,True,True,True,False,True,True
971,491932113,2026-05-07,STX,True,True,True,True,False,True
972,731466419,2026-05-07,SMCI,True,True,True,False,False,False
973,4391,2026-05-08,AMD,True,True,True,False,True,True
974,9939,2026-05-08,MU,True,True,True,True,True,True
975,270639,2026-05-08,INTC,True,False,True,False,True,False
976,273544,2026-05-08,QCOM,True,True,True,True,True,True
977,1035459,2026-05-08,DVA,True,True,True,False,False,False
978,6220356,2026-05-08,AKAM,True,True,True,False,True,True
979,13878278,2026-05-08,CNC,True,False,True,False,False,False
980,70236214,2026-05-08,FTNT,True,True,True,True,False,True
981,383858515,2026-05-08,DDOG,True,True,True,False,True,True
982,491932113,2026-05-08,STX,True,True,True,True,False,True
983,4391,2026-05-11,AMD,True,True,True,False,True,True
984,9939,2026-05-11,MU,True,True,True,True,True,True
985,270639,2026-05-11,INTC,True,False,True,False,True,False
986,273544,2026-05-11,QCOM,True,True,True,True,True,True
987,70236214,2026-05-11,FTNT,True,True,True,True,False,True
988,491932113,2026-05-11,STX,True,True,True,True,False,True
989,4391,2026-05-12,AMD,True,True,True,False,True,True
990,9939,2026-05-12,MU,True,True,True,True,True,True
991,270639,2026-05-12,INTC,True,False,True,False,True,False
992,273544,2026-05-12,QCOM,True,True,True,True,True,True
993,1035459,2026-05-12,DVA,True,True,True,False,False,False
994,70236214,2026-05-12,FTNT,True,True,True,True,False,True
995,491932113,2026-05-12,STX,True,True,True,True,False,True
996,4391,2026-05-13,AMD,True,True,True,False,True,True
997,9939,2026-05-13,MU,True,True,True,True,True,True
998,273544,2026-05-13,QCOM,True,True,True,True,True,True
999,1035459,2026-05-13,DVA,True,True,True,False,False,False
1000,70236214,2026-05-13,FTNT,True,True,True,True,False,True
1001,491932113,2026-05-13,STX,True,True,True,True,False,True
1002,4391,2026-05-14,AMD,True,True,True,False,True,True
1003,9939,2026-05-14,MU,True,True,True,True,True,True
1004,70236214,2026-05-14,FTNT,True,True,True,True,False,True
1005,370757467,2026-05-14,CRWD,True,False,True,False,True,False
1006,9939,2026-05-15,MU,True,True,True,True,True,True
1007,70236214,2026-05-15,FTNT,True,True,True,True,False,True
1008,370757467,2026-05-15,CRWD,True,False,True,False,True,False
1009,4391,2026-05-18,AMD,True,True,True,False,True,True
1010,70236214,2026-05-18,FTNT,True,True,True,True,False,True
1011,370757467,2026-05-18,CRWD,True,False,True,False,True,False
1012,268084,2026-05-19,CSCO,True,True,True,True,True,True
1013,70236214,2026-05-19,FTNT,True,True,True,True,False,True
1014,370757467,2026-05-19,CRWD,True,False,True,False,True,False
1015,70236214,2026-05-20,FTNT,True,True,True,True,False,True
1016,370757467,2026-05-20,CRWD,True,False,True,False,True,False
1017,8251,2026-05-21,HUM,True,True,True,False,True,True
1018,9939,2026-05-21,MU,True,True,True,True,True,True
1019,268084,2026-05-21,CSCO,True,True,True,True,True,True
1020,70236214,2026-05-21,FTNT,True,True,True,True,False,True
1021,110619459,2026-05-21,PANW,True,True,True,True,True,True
1022,370757467,2026-05-21,CRWD,True,False,True,False,True,False
1023,390332324,2026-05-21,GEN,True,True,True,True,False,True
1024,268084,2026-05-22,CSCO,True,True,True,True,True,True
1025,4726021,2026-05-22,SWKS,True,True,True,False,True,True
1026,49921110,2026-05-22,NTAP,True,True,True,True,False,True
1027,70236214,2026-05-22,FTNT,True,True,True,True,False,True
1028,209411798,2026-05-22,HPE,True,False,True,False,False,False
1029,370757467,2026-05-22,CRWD,True,False,True,False,True,False
1030,268084,2026-05-26,CSCO,True,True,True,True,True,True
1031,4726021,2026-05-26,SWKS,True,True,True,False,True,True
1032,8677881,2026-05-26,ON,True,True,False,False,True,False
1033,49921110,2026-05-26,NTAP,True,True,True,True,False,True
1034,209411798,2026-05-26,HPE,True,False,True,False,False,False
1035,346218218,2026-05-26,DELL,True,True,True,False,False,False
1036,370757467,2026-05-26,CRWD,True,False,True,False,True,False
1037,9939,2026-05-27,MU,True,True,True,True,True,True
1038,8677881,2026-05-27,ON,True,True,False,False,True,False
1039,9599491,2026-05-27,F,True,False,True,False,False,False
1040,49921110,2026-05-27,NTAP,True,True,True,True,False,True
1041,209411798,2026-05-27,HPE,True,False,True,False,False,False
1042,209411801,2026-05-27,HPQ,True,True,True,False,False,False
1043,346218218,2026-05-27,DELL,True,True,True,False,False,False
1044,8314,2026-05-28,IBM,True,True,True,True,False,True
1045,9599491,2026-05-28,F,True,False,True,False,False,False
1046,346218218,2026-05-28,DELL,True,True,True,False,False,False
1047,481863646,2026-05-28,APP,True,True,True,True,False,True
1048,731466419,2026-05-28,SMCI,True,False,True,True,False,False
1049,8314,2026-05-29,IBM,True,True,True,True,False,True
1050,49921110,2026-05-29,NTAP,True,True,True,True,False,True
1051,109911821,2026-05-29,NOW,True,True,True,False,True,True
1052,209411801,2026-05-29,HPQ,True,True,True,False,False,False
1053,346218218,2026-05-29,DELL,True,True,True,False,False,False
1054,731466419,2026-05-29,SMCI,True,False,True,True,False,False
1055,8314,2026-06-01,IBM,True,True,True,True,False,True
1056,9560,2026-06-01,MGM,True,True,True,False,False,False
1057,9939,2026-06-01,MU,True,True,True,True,True,True
1058,49921110,2026-06-01,NTAP,True,True,True,True,False,True
1059,109911821,2026-06-01,NOW,True,True,True,False,True,True
1060,209411798,2026-06-01,HPE,True,False,True,False,False,False
1061,209411801,2026-06-01,HPQ,True,True,True,False,False,False
1062,346218218,2026-06-01,DELL,True,True,True,False,False,False
1063,731466419,2026-06-01,SMCI,True,False,True,True,False,False
1064,8314,2026-06-02,IBM,True,True,True,True,False,True
1065,9939,2026-06-02,MU,True,True,True,True,True,True
1066,272800,2026-06-02,ORCL,True,False,True,True,False,False
1067,49921110,2026-06-02,NTAP,True,True,True,True,False,True
1068,209411798,2026-06-02,HPE,True,True,True,False,False,False
1069,346218218,2026-06-02,DELL,True,True,True,False,False,False
1070,731466419,2026-06-02,SMCI,True,False,True,True,False,False
1071,8314,2026-06-03,IBM,True,True,True,True,False,True
1072,9560,2026-06-03,MGM,True,True,True,False,False,False
1073,9939,2026-06-03,MU,True,True,True,True,True,True
1074,49921110,2026-06-03,NTAP,True,True,True,True,False,True
1075,209411798,2026-06-03,HPE,True,True,True,False,False,False
1076,346218218,2026-06-03,DELL,True,True,True,False,False,False
1077,731466419,2026-06-03,SMCI,True,False,True,True,False,False
1078,8314,2026-06-04,IBM,True,True,True,True,False,True
1079,9560,2026-06-04,MGM,True,True,True,False,False,False
1080,9939,2026-06-04,MU,True,True,True,True,True,True
1081,49921110,2026-06-04,NTAP,True,True,True,True,False,True
1082,209411798,2026-06-04,HPE,True,True,True,False,False,False
1083,346218218,2026-06-04,DELL,True,True,True,False,False,False
1084,731466419,2026-06-04,SMCI,True,False,True,True,False,False
1085,9560,2026-06-05,MGM,True,True,True,False,False,False
1086,1715006,2026-06-05,A,True,True,True,True,True,True
1087,49921110,2026-06-05,NTAP,True,True,True,True,False,True
1088,209411798,2026-06-05,HPE,True,True,True,False,False,False
1089,346218218,2026-06-05,DELL,True,True,True,False,False,False
1090,731466419,2026-06-05,SMCI,True,False,True,True,False,False
1091,9560,2026-06-08,MGM,True,True,True,False,False,False
1092,49921110,2026-06-08,NTAP,True,True,True,True,False,True
1093,209411798,2026-06-08,HPE,True,True,True,False,False,False
1094,346218218,2026-06-08,DELL,True,True,True,False,False,False
1095,731466419,2026-06-08,SMCI,True,False,True,True,False,False
1096,8251,2026-06-09,HUM,True,True,True,False,True,True
1097,9560,2026-06-09,MGM,True,True,True,False,False,False
1098,1715006,2026-06-09,A,True,True,True,True,True,True
1099,2730877,2026-06-09,CRL,True,False,True,False,True,False
1100,49921110,2026-06-09,NTAP,True,True,True,True,False,True
1101,209411798,2026-06-09,HPE,True,True,True,False,False,False
1102,346218218,2026-06-09,DELL,True,True,True,False,False,False
1103,1715006,2026-06-10,A,True,True,True,True,True,True
1104,272667,2026-06-11,ODFL,True,True,False,True,True,True
1105,49921110,2026-06-11,NTAP,True,True,True,True,False,True
1106,209411798,2026-06-11,HPE,True,True,True,False,False,False
1107,346218218,2026-06-11,DELL,True,True,True,False,False,False
1108,8251,2026-06-12,HUM,True,True,True,False,True,True
1109,9560,2026-06-12,MGM,True,True,True,False,False,False
1110,209411798,2026-06-12,HPE,True,True,True,False,False,False
1111,12729,2026-06-15,TER,True,True,True,True,True,True
1112,13681,2026-06-15,WDC,True,True,False,True,True,True
1113,266093,2026-06-15,AMAT,True,True,True,True,True,True
1114,270639,2026-06-15,INTC,True,False,True,False,True,False
1115,732440574,2026-06-15,LRCX,True,True,True,True,True,True
1116,13681,2026-06-16,WDC,True,True,False,True,True,True
1117,9282,2026-06-17,LUV,True,False,True,False,False,False
1118,13681,2026-06-17,WDC,True,True,False,True,True,True
1119,491932113,2026-06-17,STX,True,True,True,True,False,True
1120,9282,2026-06-18,LUV,True,False,True,False,False,False
1121,266093,2026-06-18,AMAT,True,True,True,True,True,True
1122,270639,2026-06-18,INTC,True,False,True,False,True,False
1123,691984365,2026-06-18,GEV,True,True,True,True,False,True
1124,732440574,2026-06-18,LRCX,True,True,True,True,True,True
1125,9939,2026-06-22,MU,True,True,True,True,True,True
1126,12729,2026-06-22,TER,True,True,True,True,True,True
1127,266093,2026-06-22,AMAT,True,True,True,True,True,True
1128,270639,2026-06-22,INTC,True,False,True,False,True,False
1129,691984365,2026-06-22,GEV,True,True,True,True,False,True
1130,732440574,2026-06-22,LRCX,True,True,True,True,True,True
1131,5052,2026-06-23,BALL,True,True,True,True,False,True
1132,9282,2026-06-23,LUV,True,False,True,False,False,False
1133,79498203,2026-06-23,UAL,True,True,True,True,False,True
1134,9282,2026-06-24,LUV,True,False,True,False,False,False
1135,79498203,2026-06-24,UAL,True,True,True,True,False,True
1136,9282,2026-06-25,LUV,True,False,True,False,False,False
1137,79498203,2026-06-25,UAL,True,True,True,True,False,True
1138,9282,2026-06-26,LUV,True,False,True,False,False,False
1139,79498203,2026-06-26,UAL,True,True,True,True,False,True
1140,344809106,2026-06-26,MRNA,True,False,False,False,True,False
1141,9282,2026-06-27,LUV,True,False,True,False,False,False
1142,79498203,2026-06-27,UAL,True,True,True,True,False,True
1143,344809106,2026-06-27,MRNA,True,False,False,False,True,False
